trade_id,log_file,signal_ts,direction,entry_ts,entry_price,entry_spot,expiry,strike,right,exit_ts,exit_price,exit_reason,hold_min,pnl_pts,pnl_rs,mfe_pts,mfe_pct,mfe_ts,mae_pts,mae_pct,mae_ts,pnl_at_mfe_rs,trail_15_exit_pts,trail_15_exit_rs,trail_15_reason,trail_20_exit_pts,trail_20_exit_rs,trail_20_reason,trail_25_exit_pts,trail_25_exit_rs,trail_25_reason,trail_30_exit_pts,trail_30_exit_rs,trail_30_reason,pnl_rs_40lots
114,trade_0114_2020-01-03_0920_B.csv,2020-01-03 09:15:00,bearish,2020-01-03 09:20:00,176.45,12237.6,2020-01-09,12400,pe,2020-01-03 09:46:00,194.09,profit_target,26,17.65,1147.0,15.45,8.76,2020-01-03 09:46:00,6.45,3.66,2020-01-03 09:23:00,1004.0,17.65,1147.0,profit_target,17.65,1147.0,profit_target,17.65,1147.0,profit_target,17.65,1147.0,profit_target,45890
115,trade_0115_2020-01-03_1150_B.csv,2020-01-03 11:45:00,bearish,2020-01-03 11:50:00,196.0,12225.95,2020-01-09,12400,pe,2020-01-03 12:20:00,204.0,max_hold,30,8.0,520.0,8.9,4.54,2020-01-03 12:00:00,2.2,1.12,2020-01-03 11:53:00,578.0,8.0,520.0,max_hold,8.0,520.0,max_hold,8.0,520.0,max_hold,8.0,520.0,max_hold,20800
121,trade_0121_2020-01-17_0920_B.csv,2020-01-17 09:15:00,bearish,2020-01-17 09:20:00,181.0,12342.15,2020-01-23,12500,pe,2020-01-17 09:50:00,166.7,max_hold,30,-14.3,-930.0,4.05,2.24,2020-01-17 09:37:00,15.15,8.37,2020-01-17 09:47:00,263.0,-14.3,-930.0,max_hold,-14.3,-930.0,max_hold,-14.3,-930.0,max_hold,-14.3,-930.0,max_hold,-37180
122,trade_0122_2020-01-17_1005_B.csv,2020-01-17 10:00:00,bullish,2020-01-17 10:05:00,192.25,12371.4,2020-01-23,12200,ce,2020-01-17 10:35:00,189.65,max_hold,30,-2.6,-169.0,1.25,0.65,2020-01-17 10:11:00,8.4,4.37,2020-01-17 10:18:00,81.0,-2.6,-169.0,max_hold,-2.6,-169.0,max_hold,-2.6,-169.0,max_hold,-2.6,-169.0,max_hold,-6760
123,trade_0123_2020-01-17_1305_B.csv,2020-01-17 13:00:00,bullish,2020-01-17 13:05:00,180.7,12365.7,2020-01-23,12200,ce,2020-01-17 13:36:00,179.6,max_hold,31,-1.1,-72.0,0.0,0.0,,7.05,3.9,2020-01-17 13:17:00,0.0,-1.1,-71.0,max_hold,-1.1,-71.0,max_hold,-1.1,-71.0,max_hold,-1.1,-71.0,max_hold,-2860
127,trade_0127_2020-01-24_0935_B.csv,2020-01-24 09:30:00,bullish,2020-01-24 09:35:00,171.75,12191.4,2020-01-30,12050,ce,2020-01-24 09:42:00,188.93,profit_target,7,17.18,1117.0,24.2,14.09,2020-01-24 09:42:00,0.0,0.0,,1573.0,17.18,1116.0,profit_target,17.18,1116.0,profit_target,17.18,1116.0,profit_target,17.18,1116.0,profit_target,44668
145,trade_0145_2020-02-28_0920_B.csv,2020-02-28 09:15:00,bearish,2020-02-28 09:20:00,211.0,11351.1,2020-03-05,11500,pe,2020-02-28 09:26:00,232.1,profit_target,6,21.1,1372.0,22.95,10.88,2020-02-28 09:26:00,3.95,1.87,2020-02-28 09:20:00,1492.0,21.1,1372.0,profit_target,21.1,1372.0,profit_target,21.1,1372.0,profit_target,21.1,1372.0,profit_target,54860
146,trade_0146_2020-02-28_1420_B.csv,2020-02-28 14:15:00,bearish,2020-02-28 14:20:00,230.95,11259.25,2020-03-05,11400,pe,2020-02-28 14:50:00,254.05,profit_target,30,23.1,1502.0,22.45,9.72,2020-02-28 14:50:00,4.5,1.95,2020-02-28 14:35:00,1459.0,23.1,1501.0,profit_target,23.1,1501.0,profit_target,23.1,1501.0,profit_target,23.1,1501.0,profit_target,60060
346,trade_0346_2021-06-11_1410_B.csv,2021-06-11 14:05:00,bullish,2021-06-11 14:10:00,199.25,15806.2,2021-06-17,15650,ce,2021-06-11 14:40:00,190.0,max_hold,30,-9.25,-601.0,0.45,0.23,2021-06-11 14:11:00,14.75,7.4,2021-06-11 14:36:00,29.0,-9.25,-601.0,max_hold,-9.25,-601.0,max_hold,-9.25,-601.0,max_hold,-9.25,-601.0,max_hold,-24050
353,trade_0353_2021-06-25_0920_B.csv,2021-06-25 09:15:00,bullish,2021-06-25 09:20:00,225.8,15822.1,2021-07-01,15650,ce,2021-06-25 09:50:00,213.5,max_hold,30,-12.3,-800.0,3.9,1.73,2021-06-25 09:37:00,18.8,8.33,2021-06-25 09:22:00,254.0,-12.3,-800.0,max_hold,-12.3,-800.0,max_hold,-12.3,-800.0,max_hold,-12.3,-800.0,max_hold,-31980
356,trade_0356_2021-07-02_1405_B.csv,2021-07-02 14:00:00,bearish,2021-07-02 14:05:00,165.9,15666.4,2021-07-08,15800,pe,2021-07-02 14:35:00,140.0,max_hold,30,-25.9,-1684.0,0.0,0.0,,32.4,19.53,2021-07-02 14:26:00,0.0,-25.9,-1684.0,max_hold,-25.9,-1684.0,max_hold,-25.9,-1684.0,max_hold,-25.9,-1684.0,max_hold,-67340
360,trade_0360_2021-07-09_0920_B.csv,2021-07-09 09:15:00,bearish,2021-07-09 09:20:00,215.4,15676.2,2021-07-15,15850,pe,2021-07-09 09:21:00,236.94,profit_target,1,21.54,1400.0,21.75,10.1,2021-07-09 09:21:00,0.0,0.0,,1414.0,21.54,1400.0,profit_target,21.54,1400.0,profit_target,21.54,1400.0,profit_target,21.54,1400.0,profit_target,56004
361,trade_0361_2021-07-09_1435_B.csv,2021-07-09 14:30:00,bearish,2021-07-09 14:35:00,163.85,15659.9,2021-07-15,15800,pe,2021-07-09 15:05:00,135.4,max_hold,30,-28.45,-1849.0,0.0,0.0,,36.05,22.0,2021-07-09 14:49:00,0.0,-28.45,-1849.0,max_hold,-28.45,-1849.0,max_hold,-28.45,-1849.0,max_hold,-28.45,-1849.0,max_hold,-73970
368,trade_0368_2021-07-16_0930_B.csv,2021-07-16 09:25:00,bullish,2021-07-16 09:30:00,190.0,15956.9,2021-07-22,15800,ce,2021-07-16 10:00:00,181.3,max_hold,30,-8.7,-566.0,2.4,1.26,2021-07-16 09:31:00,8.7,4.58,2021-07-16 10:00:00,156.0,-8.7,-565.0,max_hold,-8.7,-565.0,max_hold,-8.7,-565.0,max_hold,-8.7,-565.0,max_hold,-22620
375,trade_0375_2021-07-30_0940_B.csv,2021-07-30 09:35:00,bullish,2021-07-30 09:40:00,189.4,15813.8,2021-08-05,15650,ce,2021-07-30 10:10:00,189.85,max_hold,30,0.45,29.0,6.1,3.22,2021-07-30 10:04:00,8.45,4.46,2021-07-30 09:47:00,396.0,0.45,29.0,max_hold,0.45,29.0,max_hold,0.45,29.0,max_hold,0.45,29.0,max_hold,1170
383,trade_0383_2021-08-13_0920_B.csv,2021-08-13 09:15:00,bullish,2021-08-13 09:20:00,190.1,16422.5,2021-08-18,16250,ce,2021-08-13 09:45:00,209.11,profit_target,25,19.01,1236.0,15.95,8.39,2021-08-13 09:42:00,4.05,2.13,2021-08-13 09:26:00,1037.0,19.01,1236.0,profit_target,19.01,1236.0,profit_target,19.01,1236.0,profit_target,19.01,1236.0,profit_target,49426
384,trade_0384_2021-08-13_1415_B.csv,2021-08-13 14:10:00,bullish,2021-08-13 14:15:00,184.25,16520.7,2021-08-18,16350,ce,2021-08-13 14:44:00,202.68,profit_target,29,18.43,1198.0,23.0,12.48,2021-08-13 14:44:00,8.8,4.78,2021-08-13 14:18:00,1495.0,18.43,1198.0,profit_target,18.43,1198.0,profit_target,18.43,1198.0,profit_target,18.43,1198.0,profit_target,47918
393,trade_0393_2021-09-03_1220_B.csv,2021-09-03 12:15:00,bullish,2021-09-03 12:20:00,184.15,17276.9,2021-09-09,17150,ce,2021-09-03 12:50:00,182.6,max_hold,30,-1.55,-101.0,2.65,1.44,2021-09-03 12:25:00,14.75,8.01,2021-09-03 12:43:00,172.0,-1.55,-101.0,max_hold,-1.55,-101.0,max_hold,-1.55,-101.0,max_hold,-1.55,-101.0,max_hold,-4030
431,trade_0431_2021-11-26_0920_B.csv,2021-11-26 09:15:00,bearish,2021-11-26 09:20:00,209.75,17315.15,2021-12-02,17450,pe,2021-11-26 09:22:00,230.73,profit_target,2,20.98,1364.0,21.5,10.25,2021-11-26 09:22:00,0.65,0.31,2021-11-26 09:20:00,1398.0,20.98,1363.0,profit_target,20.98,1363.0,profit_target,20.98,1363.0,profit_target,20.98,1363.0,profit_target,54548
432,trade_0432_2021-11-26_1340_B.csv,2021-11-26 13:35:00,bearish,2021-11-26 13:40:00,231.5,17111.2,2021-12-02,17250,pe,2021-11-26 13:50:00,254.65,profit_target,10,23.15,1505.0,24.2,10.45,2021-11-26 13:50:00,8.5,3.67,2021-11-26 13:41:00,1573.0,23.15,1505.0,profit_target,23.15,1505.0,profit_target,23.15,1505.0,profit_target,23.15,1505.0,profit_target,60190
446,trade_0446_2021-12-17_0920_B.csv,2021-12-17 09:15:00,bearish,2021-12-17 09:20:00,217.25,17202.55,2021-12-23,17350,pe,2021-12-17 09:25:00,238.98,profit_target,5,21.73,1412.0,25.25,11.62,2021-12-17 09:25:00,0.0,0.0,,1641.0,21.73,1412.0,profit_target,21.73,1412.0,profit_target,21.73,1412.0,profit_target,21.73,1412.0,profit_target,56498
447,trade_0447_2021-12-17_1425_B.csv,2021-12-17 14:20:00,bearish,2021-12-17 14:25:00,231.3,17029.1,2021-12-23,17200,pe,2021-12-17 14:45:00,254.43,profit_target,20,23.13,1503.0,27.85,12.04,2021-12-17 14:45:00,11.3,4.89,2021-12-17 14:30:00,1810.0,23.13,1503.0,profit_target,23.13,1503.0,profit_target,23.13,1503.0,profit_target,23.13,1503.0,profit_target,60138
617,trade_0617_2022-11-04_1235_B.csv,2022-11-04 12:30:00,bullish,2022-11-04 12:35:00,243.2,18062.25,2022-11-10,17900,ce,2022-11-04 13:05:00,237.0,max_hold,30,-6.2,-403.0,0.0,0.0,,22.0,9.05,2022-11-04 12:56:00,0.0,-6.2,-403.0,max_hold,-6.2,-403.0,max_hold,-6.2,-403.0,max_hold,-6.2,-403.0,max_hold,-16120
626,trade_0626_2022-11-25_1300_B.csv,2022-11-25 12:55:00,bullish,2022-11-25 13:00:00,204.0,18488.75,2022-12-01,18350,ce,2022-11-25 13:30:00,202.0,max_hold,30,-2.0,-130.0,2.55,1.25,2022-11-25 13:02:00,8.8,4.31,2022-11-25 13:07:00,166.0,-2.0,-130.0,max_hold,-2.0,-130.0,max_hold,-2.0,-130.0,max_hold,-2.0,-130.0,max_hold,-5200
629,trade_0629_2022-12-02_0920_B.csv,2022-12-02 09:15:00,bearish,2022-12-02 09:20:00,163.6,18758.8,2022-12-08,18900,pe,2022-12-02 09:21:00,179.96,profit_target,1,16.36,1063.0,13.1,8.01,2022-12-02 09:21:00,0.0,0.0,,852.0,16.36,1063.0,profit_target,16.36,1063.0,profit_target,16.36,1063.0,profit_target,16.36,1063.0,profit_target,42536
636,trade_0636_2022-12-16_1015_B.csv,2022-12-16 10:10:00,bearish,2022-12-16 10:15:00,195.75,18331.55,2022-12-22,18500,pe,2022-12-16 10:41:00,215.33,profit_target,26,19.58,1273.0,20.2,10.32,2022-12-16 10:41:00,7.95,4.06,2022-12-16 10:16:00,1313.0,19.58,1272.0,profit_target,19.58,1272.0,profit_target,19.58,1272.0,profit_target,19.58,1272.0,profit_target,50908
637,trade_0637_2022-12-16_1345_B.csv,2022-12-16 13:40:00,bearish,2022-12-16 13:45:00,188.65,18344.2,2022-12-22,18500,pe,2022-12-16 13:58:00,207.52,profit_target,13,18.87,1227.0,17.05,9.04,2022-12-16 13:57:00,0.0,0.0,,1108.0,18.87,1226.0,profit_target,18.87,1226.0,profit_target,18.87,1226.0,profit_target,18.87,1226.0,profit_target,49062
641,trade_0641_2022-12-23_0920_B.csv,2022-12-23 09:15:00,bearish,2022-12-23 09:20:00,177.75,18006.3,2022-12-29,18150,pe,2022-12-23 09:23:00,195.53,profit_target,3,17.78,1156.0,15.85,8.92,2022-12-23 09:23:00,0.0,0.0,,1030.0,17.78,1155.0,profit_target,17.78,1155.0,profit_target,17.78,1155.0,profit_target,17.78,1155.0,profit_target,46228
657,trade_0657_2023-01-13_0925_B.csv,2023-01-13 09:20:00,bearish,2023-01-13 09:25:00,208.05,17795.55,2023-01-19,17950,pe,2023-01-13 09:55:00,199.2,max_hold,30,-8.85,-575.0,5.35,2.57,2023-01-13 09:44:00,35.75,17.18,2023-01-13 09:36:00,348.0,-8.85,-575.0,max_hold,-8.85,-575.0,max_hold,-8.85,-575.0,max_hold,-8.85,-575.0,max_hold,-23010
658,trade_0658_2023-01-13_1220_B.csv,2023-01-13 12:15:00,bullish,2023-01-13 12:20:00,247.2,17866.05,2023-01-19,17700,ce,2023-01-13 12:25:00,271.92,profit_target,5,24.72,1607.0,22.7,9.18,2023-01-13 12:24:00,0.0,0.0,,1476.0,24.72,1607.0,profit_target,24.72,1607.0,profit_target,24.72,1607.0,profit_target,24.72,1607.0,profit_target,64272
663,trade_0663_2023-01-20_1155_B.csv,2023-01-20 11:50:00,bearish,2023-01-20 11:55:00,177.95,18096.35,2023-01-25,18250,pe,2023-01-20 12:25:00,169.0,max_hold,30,-8.95,-582.0,3.45,1.94,2023-01-20 11:59:00,13.45,7.56,2023-01-20 12:20:00,224.0,-8.95,-582.0,max_hold,-8.95,-582.0,max_hold,-8.95,-582.0,max_hold,-8.95,-582.0,max_hold,-23270
683,trade_0683_2023-02-24_0920_B.csv,2023-02-24 09:15:00,bullish,2023-02-24 09:20:00,206.65,17587.5,2023-03-02,17450,ce,2023-02-24 09:50:00,164.95,max_hold,30,-41.7,-2710.0,6.55,3.17,2023-02-24 09:20:00,43.15,20.88,2023-02-24 09:49:00,426.0,-28.25,-1836.0,trail_stop,-36.7,-2386.0,trail_stop,-41.7,-2711.0,max_hold,-41.7,-2711.0,max_hold,-108420
687,trade_0687_2023-03-03_0920_B.csv,2023-03-03 09:15:00,bullish,2023-03-03 09:20:00,193.25,17457.05,2023-03-09,17300,ce,2023-03-03 09:24:00,212.58,profit_target,4,19.33,1256.0,19.4,10.04,2023-03-03 09:24:00,0.0,0.0,,1261.0,19.33,1256.0,profit_target,19.33,1256.0,profit_target,19.33,1256.0,profit_target,19.33,1256.0,profit_target,50258
688,trade_0688_2023-03-03_1325_B.csv,2023-03-03 13:20:00,bullish,2023-03-03 13:25:00,166.35,17577.55,2023-03-09,17450,ce,2023-03-03 13:34:00,182.99,profit_target,9,16.64,1082.0,16.1,9.68,2023-03-03 13:33:00,2.4,1.44,2023-03-03 13:29:00,1046.0,16.64,1081.0,profit_target,16.64,1081.0,profit_target,16.64,1081.0,profit_target,16.64,1081.0,profit_target,43264
690,trade_0690_2023-03-10_1345_B.csv,2023-03-10 13:40:00,bearish,2023-03-10 13:45:00,200.0,17385.05,2023-03-16,17550,pe,2023-03-10 14:15:00,187.15,max_hold,30,-12.85,-835.0,9.15,4.58,2023-03-10 13:48:00,18.2,9.1,2023-03-10 14:12:00,595.0,-12.85,-835.0,max_hold,-12.85,-835.0,max_hold,-12.85,-835.0,max_hold,-12.85,-835.0,max_hold,-33410
694,trade_0694_2023-03-17_0920_B.csv,2023-03-17 09:15:00,bullish,2023-03-17 09:20:00,247.8,17101.25,2023-03-23,16950,ce,2023-03-17 09:50:00,222.25,max_hold,30,-25.55,-1661.0,4.2,1.69,2023-03-17 09:28:00,37.45,15.11,2023-03-17 09:45:00,273.0,-37.45,-2434.0,trail_stop,-25.55,-1661.0,max_hold,-25.55,-1661.0,max_hold,-25.55,-1661.0,max_hold,-66430
695,trade_0695_2023-03-17_1355_B.csv,2023-03-17 13:50:00,bullish,2023-03-17 13:55:00,262.2,17064.95,2023-03-23,16900,ce,2023-03-17 14:25:00,214.8,max_hold,30,-47.4,-3081.0,8.9,3.39,2023-03-17 13:55:00,47.4,18.08,2023-03-17 14:25:00,578.0,-34.2,-2223.0,trail_stop,-47.4,-3081.0,trail_stop,-47.4,-3081.0,max_hold,-47.4,-3081.0,max_hold,-123240
714,trade_0714_2023-05-05_0920_B.csv,2023-05-05 09:15:00,bearish,2023-05-05 09:20:00,158.1,18158.5,2023-05-11,18300,pe,2023-05-05 09:50:00,139.9,max_hold,30,-18.2,-1183.0,0.0,0.0,,18.35,11.61,2023-05-05 09:35:00,0.0,-18.2,-1183.0,max_hold,-18.2,-1183.0,max_hold,-18.2,-1183.0,max_hold,-18.2,-1183.0,max_hold,-47320
715,trade_0715_2023-05-05_1455_B.csv,2023-05-05 14:50:00,bearish,2023-05-05 14:55:00,158.65,18103.75,2023-05-11,18250,pe,2023-05-05 14:59:00,174.52,profit_target,4,15.87,1032.0,9.4,5.92,2023-05-05 14:59:00,0.1,0.06,2023-05-05 14:57:00,611.0,15.87,1031.0,profit_target,15.87,1031.0,profit_target,15.87,1031.0,profit_target,15.87,1031.0,profit_target,41262
720,trade_0720_2023-05-19_1240_B.csv,2023-05-19 12:35:00,bearish,2023-05-19 12:40:00,170.2,18102.0,2023-05-25,18250,pe,2023-05-19 13:10:00,155.95,max_hold,30,-14.25,-926.0,0.0,0.0,,28.2,16.57,2023-05-19 13:05:00,0.0,-14.25,-926.0,max_hold,-14.25,-926.0,max_hold,-14.25,-926.0,max_hold,-14.25,-926.0,max_hold,-37050
726,trade_0726_2023-06-02_0920_B.csv,2023-06-02 09:15:00,bullish,2023-06-02 09:20:00,223.85,18568.3,2023-06-08,18400,ce,2023-06-02 09:50:00,196.95,max_hold,30,-26.9,-1748.0,3.4,1.52,2023-06-02 09:20:00,29.05,12.98,2023-06-02 09:49:00,221.0,-26.9,-1749.0,max_hold,-26.9,-1749.0,max_hold,-26.9,-1749.0,max_hold,-26.9,-1749.0,max_hold,-69940
727,trade_0727_2023-06-02_1200_B.csv,2023-06-02 11:55:00,bullish,2023-06-02 12:00:00,206.0,18533.1,2023-06-08,18400,ce,2023-06-02 12:30:00,203.0,max_hold,30,-3.0,-195.0,2.9,1.41,2023-06-02 12:03:00,13.35,6.48,2023-06-02 12:25:00,188.0,-3.0,-195.0,max_hold,-3.0,-195.0,max_hold,-3.0,-195.0,max_hold,-3.0,-195.0,max_hold,-7800
732,trade_0732_2023-06-16_0920_B.csv,2023-06-16 09:15:00,bullish,2023-06-16 09:20:00,199.0,18746.1,2023-06-22,18600,ce,2023-06-16 09:34:00,218.9,profit_target,14,19.9,1294.0,24.65,12.39,2023-06-16 09:34:00,4.1,2.06,2023-06-16 09:21:00,1602.0,19.9,1294.0,profit_target,19.9,1294.0,profit_target,19.9,1294.0,profit_target,19.9,1294.0,profit_target,51740
737,trade_0737_2023-06-23_1335_B.csv,2023-06-23 13:30:00,bearish,2023-06-23 13:35:00,151.15,18706.05,2023-06-28,18850,pe,2023-06-23 14:04:00,166.27,profit_target,29,15.12,983.0,14.85,9.82,2023-06-23 14:04:00,13.7,9.06,2023-06-23 13:51:00,965.0,15.12,982.0,profit_target,15.12,982.0,profit_target,15.12,982.0,profit_target,15.12,982.0,profit_target,39312
742,trade_0742_2023-07-07_0955_B.csv,2023-07-07 09:50:00,bullish,2023-07-07 09:55:00,193.95,19503.4,2023-07-13,19350,ce,2023-07-07 10:00:00,213.34,profit_target,5,19.4,1261.0,16.3,8.4,2023-07-07 09:59:00,0.0,0.0,,1060.0,19.4,1261.0,profit_target,19.4,1261.0,profit_target,19.4,1261.0,profit_target,19.4,1261.0,profit_target,50440
749,trade_0749_2023-07-21_0920_B.csv,2023-07-21 09:15:00,bearish,2023-07-21 09:20:00,151.25,19824.5,2023-07-27,19950,pe,2023-07-21 09:34:00,166.38,profit_target,14,15.12,983.0,18.75,12.4,2023-07-21 09:34:00,6.3,4.17,2023-07-21 09:21:00,1219.0,15.12,983.0,profit_target,15.12,983.0,profit_target,15.12,983.0,profit_target,15.12,983.0,profit_target,39312
750,trade_0750_2023-07-21_1425_B.csv,2023-07-21 14:20:00,bearish,2023-07-21 14:25:00,172.25,19749.55,2023-07-27,19900,pe,2023-07-21 14:50:00,189.48,profit_target,25,17.23,1120.0,20.6,11.96,2023-07-21 14:50:00,12.65,7.34,2023-07-21 14:37:00,1339.0,17.23,1120.0,profit_target,17.23,1120.0,profit_target,17.23,1120.0,profit_target,17.23,1120.0,profit_target,44798
755,trade_0755_2023-07-28_0920_B.csv,2023-07-28 09:15:00,bearish,2023-07-28 09:20:00,190.95,19630.45,2023-08-03,19800,pe,2023-07-28 09:27:00,210.05,profit_target,7,19.1,1242.0,18.35,9.61,2023-07-28 09:27:00,0.0,0.0,,1193.0,19.1,1241.0,profit_target,19.1,1241.0,profit_target,19.1,1241.0,profit_target,19.1,1241.0,profit_target,49660
759,trade_0759_2023-08-18_0920_B.csv,2023-08-18 09:15:00,bearish,2023-08-18 09:20:00,186.2,19306.85,2023-08-24,19450,pe,2023-08-18 09:50:00,194.0,max_hold,30,7.8,507.0,10.65,5.72,2023-08-18 09:45:00,14.5,7.79,2023-08-18 09:29:00,692.0,7.8,507.0,max_hold,7.8,507.0,max_hold,7.8,507.0,max_hold,7.8,507.0,max_hold,20280
760,trade_0760_2023-08-18_1310_B.csv,2023-08-18 13:05:00,bearish,2023-08-18 13:10:00,170.05,19273.95,2023-08-24,19400,pe,2023-08-18 13:40:00,166.75,max_hold,30,-3.3,-214.0,2.7,1.59,2023-08-18 13:12:00,7.75,4.56,2023-08-18 13:32:00,176.0,-3.3,-215.0,max_hold,-3.3,-215.0,max_hold,-3.3,-215.0,max_hold,-3.3,-215.0,max_hold,-8580
762,trade_0762_2023-08-25_1420_B.csv,2023-08-25 14:15:00,bearish,2023-08-25 14:20:00,175.35,19263.45,2023-08-31,19400,pe,2023-08-25 14:50:00,170.6,max_hold,30,-4.75,-309.0,2.5,1.43,2023-08-25 14:20:00,10.8,6.16,2023-08-25 14:46:00,162.0,-4.75,-309.0,max_hold,-4.75,-309.0,max_hold,-4.75,-309.0,max_hold,-4.75,-309.0,max_hold,-12350
770,trade_0770_2023-09-08_1135_B.csv,2023-09-08 11:30:00,bullish,2023-09-08 11:35:00,190.45,19794.3,2023-09-14,19650,ce,2023-09-08 11:39:00,209.5,profit_target,4,19.05,1238.0,20.85,10.95,2023-09-08 11:39:00,2.5,1.31,2023-09-08 11:35:00,1355.0,19.05,1238.0,profit_target,19.05,1238.0,profit_target,19.05,1238.0,profit_target,19.05,1238.0,profit_target,49530
774,trade_0774_2023-09-15_1435_B.csv,2023-09-15 14:30:00,bullish,2023-09-15 14:35:00,205.65,20189.05,2023-09-21,20050,ce,2023-09-15 15:05:00,215.0,max_hold,30,9.35,608.0,12.3,5.98,2023-09-15 15:03:00,4.4,2.14,2023-09-15 14:48:00,800.0,9.35,608.0,max_hold,9.35,608.0,max_hold,9.35,608.0,max_hold,9.35,608.0,max_hold,24310
775,trade_0775_2023-09-22_0935_B.csv,2023-09-22 09:30:00,bearish,2023-09-22 09:35:00,188.4,19730.4,2023-09-28,19900,pe,2023-09-22 09:56:00,207.24,profit_target,21,18.84,1225.0,20.9,11.09,2023-09-22 09:56:00,21.6,11.46,2023-09-22 09:38:00,1358.0,18.84,1225.0,profit_target,18.84,1225.0,profit_target,18.84,1225.0,profit_target,18.84,1225.0,profit_target,48984
780,trade_0780_2023-10-06_0920_B.csv,2023-10-06 09:15:00,bullish,2023-10-06 09:20:00,191.95,19604.1,2023-10-12,19450,ce,2023-10-06 09:50:00,211.15,profit_target,30,19.2,1248.0,19.1,9.95,2023-10-06 09:49:00,1.45,0.76,2023-10-06 09:42:00,1242.0,19.2,1248.0,profit_target,19.2,1248.0,profit_target,19.2,1248.0,profit_target,19.2,1248.0,profit_target,49920
788,trade_0788_2023-10-27_0920_B.csv,2023-10-27 09:15:00,bullish,2023-10-27 09:20:00,221.3,18937.1,2023-11-02,18800,ce,2023-10-27 09:24:00,243.43,profit_target,4,22.13,1438.0,22.95,10.37,2023-10-27 09:24:00,0.0,0.0,,1492.0,22.13,1438.0,profit_target,22.13,1438.0,profit_target,22.13,1438.0,profit_target,22.13,1438.0,profit_target,57538
794,trade_0794_2023-11-10_1425_B.csv,2023-11-10 14:20:00,bearish,2023-11-10 14:25:00,190.8,19377.95,2023-11-16,19550,pe,2023-11-10 14:55:00,168.5,max_hold,30,-22.3,-1450.0,8.55,4.48,2023-11-10 14:30:00,22.3,11.69,2023-11-10 14:55:00,556.0,-21.7,-1411.0,trail_stop,-22.3,-1450.0,max_hold,-22.3,-1450.0,max_hold,-22.3,-1450.0,max_hold,-57980
797,trade_0797_2023-11-17_1400_B.csv,2023-11-17 13:55:00,bearish,2023-11-17 14:00:00,172.05,19737.4,2023-11-23,19900,pe,2023-11-17 14:30:00,163.4,max_hold,30,-8.65,-562.0,0.0,0.0,,26.25,15.26,2023-11-17 14:11:00,0.0,-8.65,-562.0,max_hold,-8.65,-562.0,max_hold,-8.65,-562.0,max_hold,-8.65,-562.0,max_hold,-22490
799,trade_0799_2023-11-24_0930_B.csv,2023-11-24 09:25:00,bullish,2023-11-24 09:30:00,194.15,19830.4,2023-11-30,19700,ce,2023-11-24 10:00:00,152.3,max_hold,30,-41.85,-2720.0,0.0,0.0,,41.85,21.56,2023-11-24 10:00:00,0.0,-41.85,-2720.0,max_hold,-41.85,-2720.0,max_hold,-41.85,-2720.0,max_hold,-41.85,-2720.0,max_hold,-108810
800,trade_0800_2023-11-24_1305_B.csv,2023-11-24 13:00:00,bearish,2023-11-24 13:05:00,157.6,19786.55,2023-11-30,19950,pe,2023-11-24 13:35:00,154.55,max_hold,30,-3.05,-198.0,8.4,5.33,2023-11-24 13:13:00,10.9,6.92,2023-11-24 13:30:00,546.0,-3.05,-198.0,max_hold,-3.05,-198.0,max_hold,-3.05,-198.0,max_hold,-3.05,-198.0,max_hold,-7930
808,trade_0808_2023-12-15_0920_B.csv,2023-12-15 09:15:00,bullish,2023-12-15 09:20:00,276.8,21266.8,2023-12-21,21100,ce,2023-12-15 09:50:00,257.5,max_hold,30,-19.3,-1254.0,1.5,0.54,2023-12-15 09:33:00,24.55,8.87,2023-12-15 09:42:00,98.0,-19.3,-1255.0,max_hold,-19.3,-1255.0,max_hold,-19.3,-1255.0,max_hold,-19.3,-1255.0,max_hold,-50180
819,trade_0819_2024-01-19_0920_B.csv,2024-01-19 09:15:00,bullish,2024-01-19 09:20:00,253.0,21645.55,2024-01-25,21500,ce,2024-01-19 09:50:00,234.2,max_hold,30,-18.8,-1222.0,13.7,5.42,2024-01-19 09:29:00,19.55,7.73,2024-01-19 09:45:00,890.0,-18.8,-1222.0,max_hold,-18.8,-1222.0,max_hold,-18.8,-1222.0,max_hold,-18.8,-1222.0,max_hold,-48880
820,trade_0820_2024-01-19_1320_B.csv,2024-01-19 13:15:00,bullish,2024-01-19 13:20:00,258.55,21636.75,2024-01-25,21500,ce,2024-01-19 13:50:00,240.9,max_hold,30,-17.65,-1147.0,0.0,0.0,,27.65,10.69,2024-01-19 13:29:00,0.0,-17.65,-1147.0,max_hold,-17.65,-1147.0,max_hold,-17.65,-1147.0,max_hold,-17.65,-1147.0,max_hold,-45890
826,trade_0826_2024-02-02_0920_B.csv,2024-02-02 09:15:00,bullish,2024-02-02 09:20:00,270.65,21919.25,2024-02-08,21750,ce,2024-02-02 09:24:00,297.71,profit_target,4,27.06,1759.0,27.2,10.05,2024-02-02 09:24:00,0.0,0.0,,1768.0,27.06,1759.0,profit_target,27.06,1759.0,profit_target,27.06,1759.0,profit_target,27.06,1759.0,profit_target,70356
829,trade_0829_2024-02-09_0955_B.csv,2024-02-09 09:50:00,bearish,2024-02-09 09:55:00,253.55,21676.15,2024-02-15,21850,pe,2024-02-09 10:25:00,228.85,max_hold,30,-24.7,-1606.0,15.35,6.05,2024-02-09 10:00:00,40.95,16.15,2024-02-09 10:14:00,998.0,-25.35,-1648.0,trail_stop,-39.55,-2571.0,trail_stop,-24.7,-1606.0,max_hold,-24.7,-1606.0,max_hold,-64220
846,trade_0846_2024-03-22_0920_B.csv,2024-03-22 09:15:00,bearish,2024-03-22 09:20:00,163.8,21966.15,2024-03-28,22100,pe,2024-03-22 09:23:00,180.18,profit_target,3,16.38,1065.0,16.15,9.86,2024-03-22 09:23:00,0.0,0.0,,1050.0,16.38,1065.0,profit_target,16.38,1065.0,profit_target,16.38,1065.0,profit_target,16.38,1065.0,profit_target,42588
853,trade_0853_2024-04-05_1405_B.csv,2024-04-05 14:00:00,bullish,2024-04-05 14:05:00,235.5,22523.45,2024-04-10,22350,ce,2024-04-05 14:35:00,215.15,max_hold,30,-20.35,-1323.0,0.0,0.0,,20.35,8.64,2024-04-05 14:35:00,0.0,-20.35,-1323.0,max_hold,-20.35,-1323.0,max_hold,-20.35,-1323.0,max_hold,-20.35,-1323.0,max_hold,-52910
861,trade_0861_2024-05-03_0920_B.csv,2024-05-03 09:15:00,bullish,2024-05-03 09:20:00,265.05,22769.6,2024-05-09,22600,ce,2024-05-03 09:50:00,267.95,max_hold,30,2.9,188.0,13.05,4.92,2024-05-03 09:29:00,2.25,0.85,2024-05-03 09:20:00,848.0,2.9,188.0,max_hold,2.9,188.0,max_hold,2.9,188.0,max_hold,2.9,188.0,max_hold,7540
883,trade_0883_2024-06-21_1430_B.csv,2024-06-21 14:25:00,bearish,2024-06-21 14:30:00,221.5,23443.4,2024-06-27,23600,pe,2024-06-21 14:35:00,243.65,profit_target,5,22.15,1440.0,25.0,11.29,2024-06-21 14:35:00,16.4,7.4,2024-06-21 14:31:00,1625.0,22.15,1440.0,profit_target,22.15,1440.0,profit_target,22.15,1440.0,profit_target,22.15,1440.0,profit_target,57590
888,trade_0888_2024-06-28_1405_B.csv,2024-06-28 14:00:00,bullish,2024-06-28 14:05:00,267.0,24102.2,2024-07-04,23950,ce,2024-06-28 14:10:00,293.7,profit_target,5,26.7,1736.0,26.1,9.78,2024-06-28 14:09:00,0.0,0.0,,1696.0,26.7,1736.0,profit_target,26.7,1736.0,profit_target,26.7,1736.0,profit_target,26.7,1736.0,profit_target,69420
890,trade_0890_2024-07-05_1425_B.csv,2024-07-05 14:20:00,bearish,2024-07-05 14:25:00,201.95,24232.2,2024-07-11,24400,pe,2024-07-05 14:55:00,215.85,max_hold,30,13.9,904.0,16.4,8.12,2024-07-05 14:53:00,4.8,2.38,2024-07-05 14:39:00,1066.0,13.9,904.0,max_hold,13.9,904.0,max_hold,13.9,904.0,max_hold,13.9,904.0,max_hold,36140
901,trade_0901_2024-08-02_0920_B.csv,2024-08-02 09:15:00,bearish,2024-08-02 09:20:00,259.55,24829.9,2024-08-08,25000,pe,2024-08-02 09:40:00,285.51,profit_target,20,25.96,1687.0,26.45,10.19,2024-08-02 09:40:00,11.65,4.49,2024-08-02 09:27:00,1719.0,25.96,1687.0,profit_target,25.96,1687.0,profit_target,25.96,1687.0,profit_target,25.96,1687.0,profit_target,67496
920,trade_0920_2024-09-20_1335_B.csv,2024-09-20 13:30:00,bearish,2024-09-20 13:35:00,236.0,25628.2,2024-09-26,25800,pe,2024-09-20 13:36:00,259.6,profit_target,1,23.6,1534.0,28.05,11.89,2024-09-20 13:36:00,0.0,0.0,,1823.0,23.6,1534.0,profit_target,23.6,1534.0,profit_target,23.6,1534.0,profit_target,23.6,1534.0,profit_target,61360
925,trade_0925_2024-10-04_1240_B.csv,2024-10-04 12:35:00,bearish,2024-10-04 12:40:00,255.75,25289.25,2024-10-10,25450,pe,2024-10-04 12:42:00,281.33,profit_target,2,25.58,1663.0,25.65,10.03,2024-10-04 12:42:00,0.35,0.14,2024-10-04 12:40:00,1667.0,25.58,1662.0,profit_target,25.58,1662.0,profit_target,25.58,1662.0,profit_target,25.58,1662.0,profit_target,66508
934,trade_0934_2024-10-25_0940_B.csv,2024-10-25 09:35:00,bearish,2024-10-25 09:40:00,243.95,24327.65,2024-10-31,24500,pe,2024-10-25 09:49:00,268.35,profit_target,9,24.4,1586.0,24.2,9.92,2024-10-25 09:49:00,9.75,4.0,2024-10-25 09:45:00,1573.0,24.4,1586.0,profit_target,24.4,1586.0,profit_target,24.4,1586.0,profit_target,24.4,1586.0,profit_target,63440
943,trade_0943_2024-11-22_0920_B.csv,2024-11-22 09:15:00,bullish,2024-11-22 09:20:00,295.4,23420.25,2024-11-28,23250,ce,2024-11-22 09:22:00,324.94,profit_target,2,29.54,1920.0,63.4,21.46,2024-11-22 09:22:00,0.0,0.0,,4121.0,29.54,1920.0,profit_target,29.54,1920.0,profit_target,29.54,1920.0,profit_target,29.54,1920.0,profit_target,76804
962,trade_0962_2024-12-20_0940_B.csv,2024-12-20 09:35:00,bullish,2024-12-20 09:40:00,298.9,24032.15,2024-12-26,23900,ce,2024-12-20 09:45:00,312.6,trend_flip,5,13.7,890.0,21.15,7.08,2024-12-20 09:40:00,0.0,0.0,,1375.0,13.7,891.0,trend_flip,13.7,891.0,trend_flip,13.7,891.0,trend_flip,13.7,891.0,trend_flip,35620
964,trade_0964_2024-12-27_0920_B.csv,2024-12-27 09:15:00,bullish,2024-12-27 09:20:00,309.95,23822.9,2025-01-02,23650,ce,2024-12-27 09:46:00,340.94,profit_target,26,31.0,2015.0,31.6,10.2,2024-12-27 09:46:00,17.0,5.48,2024-12-27 09:38:00,2054.0,31.0,2015.0,profit_target,31.0,2015.0,profit_target,31.0,2015.0,profit_target,31.0,2015.0,profit_target,80600
967,trade_0967_2025-01-03_1400_B.csv,2025-01-03 13:55:00,bearish,2025-01-03 14:00:00,263.65,24041.25,2025-01-09,24200,pe,2025-01-03 14:30:00,255.0,max_hold,30,-8.65,-562.0,10.0,3.79,2025-01-03 14:10:00,8.65,3.28,2025-01-03 14:30:00,650.0,-8.65,-562.0,max_hold,-8.65,-562.0,max_hold,-8.65,-562.0,max_hold,-8.65,-562.0,max_hold,-22490
971,trade_0971_2025-01-10_0935_B.csv,2025-01-10 09:30:00,bearish,2025-01-10 09:35:00,243.7,23461.6,2025-01-16,23600,pe,2025-01-10 09:45:00,268.07,profit_target,10,24.37,1584.0,21.25,8.72,2025-01-10 09:45:00,0.55,0.23,2025-01-10 09:43:00,1381.0,24.37,1584.0,profit_target,24.37,1584.0,profit_target,24.37,1584.0,profit_target,24.37,1584.0,profit_target,63362
973,trade_0973_2025-01-17_0920_B.csv,2025-01-17 09:15:00,bearish,2025-01-17 09:20:00,263.25,23178.2,2025-01-23,23350,pe,2025-01-17 09:50:00,227.5,max_hold,30,-35.75,-2324.0,0.0,0.0,,52.2,19.83,2025-01-17 09:33:00,0.0,-35.75,-2324.0,max_hold,-35.75,-2324.0,max_hold,-35.75,-2324.0,max_hold,-35.75,-2324.0,max_hold,-92950
981,trade_0981_2025-02-07_1020_B.csv,2025-02-07 10:15:00,bearish,2025-02-07 10:20:00,238.3,23548.55,2025-02-13,23700,pe,2025-02-07 10:50:00,217.5,max_hold,30,-20.8,-1352.0,18.6,7.81,2025-02-07 10:27:00,26.25,11.02,2025-02-07 10:43:00,1209.0,-21.2,-1378.0,trail_stop,-20.8,-1352.0,max_hold,-20.8,-1352.0,max_hold,-20.8,-1352.0,max_hold,-54080
986,trade_0986_2025-02-14_1040_B.csv,2025-02-14 10:35:00,bearish,2025-02-14 10:40:00,242.5,22951.15,2025-02-20,23100,pe,2025-02-14 10:47:00,266.75,profit_target,7,24.25,1576.0,23.25,9.59,2025-02-14 10:47:00,4.15,1.71,2025-02-14 10:40:00,1511.0,24.25,1576.0,profit_target,24.25,1576.0,profit_target,24.25,1576.0,profit_target,24.25,1576.0,profit_target,63050
987,trade_0987_2025-02-14_1435_B.csv,2025-02-14 14:30:00,bullish,2025-02-14 14:35:00,293.35,22894.6,2025-02-20,22750,ce,2025-02-14 14:43:00,322.69,profit_target,8,29.34,1907.0,42.55,14.5,2025-02-14 14:43:00,3.35,1.14,2025-02-14 14:36:00,2766.0,29.34,1907.0,profit_target,29.34,1907.0,profit_target,29.34,1907.0,profit_target,29.34,1907.0,profit_target,76284
996,trade_0996_2025-03-07_1015_B.csv,2025-03-07 10:10:00,bullish,2025-03-07 10:15:00,260.2,22607.95,2025-03-13,22450,ce,2025-03-07 10:45:00,248.55,max_hold,30,-11.65,-757.0,12.4,4.77,2025-03-07 10:17:00,18.9,7.26,2025-03-07 10:33:00,806.0,-11.65,-757.0,max_hold,-11.65,-757.0,max_hold,-11.65,-757.0,max_hold,-11.65,-757.0,max_hold,-30290
997,trade_0997_2025-03-07_1435_B.csv,2025-03-07 14:30:00,bullish,2025-03-07 14:35:00,242.8,22591.35,2025-03-13,22450,ce,2025-03-07 15:05:00,229.2,max_hold,30,-13.6,-884.0,6.95,2.86,2025-03-07 14:45:00,18.95,7.8,2025-03-07 15:03:00,452.0,-13.6,-884.0,max_hold,-13.6,-884.0,max_hold,-13.6,-884.0,max_hold,-13.6,-884.0,max_hold,-35360
1002,trade_1002_2025-03-21_1425_B.csv,2025-03-21 14:20:00,bullish,2025-03-21 14:25:00,258.5,23366.95,2025-03-27,23200,ce,2025-03-21 14:55:00,247.75,max_hold,30,-10.75,-699.0,10.3,3.98,2025-03-21 14:29:00,21.7,8.39,2025-03-21 14:49:00,670.0,-10.75,-699.0,max_hold,-10.75,-699.0,max_hold,-10.75,-699.0,max_hold,-10.75,-699.0,max_hold,-27950
1005,trade_1005_2025-03-28_1225_B.csv,2025-03-28 12:20:00,bearish,2025-03-28 12:25:00,218.85,23540.55,2025-04-03,23700,pe,2025-03-28 12:34:00,240.74,profit_target,9,21.89,1423.0,26.5,12.11,2025-03-28 12:34:00,2.45,1.12,2025-03-28 12:26:00,1722.0,21.89,1423.0,profit_target,21.89,1423.0,profit_target,21.89,1423.0,profit_target,21.89,1423.0,profit_target,56914
1040,trade_1040_2025-06-13_1445_B.csv,2025-06-13 14:40:00,bearish,2025-06-13 14:45:00,270.9,24687.85,2025-06-19,24850,pe,2025-06-13 14:57:00,297.99,profit_target,12,27.09,1761.0,34.6,12.77,2025-06-13 14:57:00,7.7,2.84,2025-06-13 14:45:00,2249.0,27.09,1761.0,profit_target,27.09,1761.0,profit_target,27.09,1761.0,profit_target,27.09,1761.0,profit_target,70434
1043,trade_1043_2025-06-20_1310_B.csv,2025-06-20 13:05:00,bullish,2025-06-20 13:10:00,283.3,25043.4,2025-06-26,24900,ce,2025-06-20 13:19:00,311.63,profit_target,9,28.33,1841.0,29.05,10.25,2025-06-20 13:19:00,9.25,3.27,2025-06-20 13:13:00,1888.0,28.33,1841.0,profit_target,28.33,1841.0,profit_target,28.33,1841.0,profit_target,28.33,1841.0,profit_target,73658
1050,trade_1050_2025-07-04_1435_B.csv,2025-07-04 14:30:00,bullish,2025-07-04 14:35:00,230.8,25397.0,2025-07-10,25250,ce,2025-07-04 14:36:00,253.88,profit_target,1,23.08,1500.0,34.15,14.8,2025-07-04 14:36:00,0.0,0.0,,2220.0,23.08,1500.0,profit_target,23.08,1500.0,profit_target,23.08,1500.0,profit_target,23.08,1500.0,profit_target,60008
1056,trade_1056_2025-07-25_0920_B.csv,2025-07-25 09:15:00,bearish,2025-07-25 09:20:00,216.6,24935.05,2025-07-31,25100,pe,2025-07-25 09:22:00,238.26,profit_target,2,21.66,1408.0,11.85,5.47,2025-07-25 09:22:00,0.0,0.0,,770.0,21.66,1408.0,profit_target,21.66,1408.0,profit_target,21.66,1408.0,profit_target,21.66,1408.0,profit_target,56316
1060,trade_1060_2025-08-08_1415_B.csv,2025-08-08 14:10:00,bearish,2025-08-08 14:15:00,190.55,24412.9,2025-08-14,24550,pe,2025-08-08 14:45:00,182.3,max_hold,30,-8.25,-536.0,10.2,5.35,2025-08-08 14:32:00,14.75,7.74,2025-08-08 14:18:00,663.0,-8.25,-536.0,max_hold,-8.25,-536.0,max_hold,-8.25,-536.0,max_hold,-8.25,-536.0,max_hold,-21450
1068,trade_1068_2025-08-22_1420_B.csv,2025-08-22 14:15:00,bearish,2025-08-22 14:20:00,185.0,24906.7,2025-08-28,25050,pe,2025-08-22 14:33:00,203.5,profit_target,13,18.5,1202.0,19.4,10.49,2025-08-22 14:33:00,1.0,0.54,2025-08-22 14:20:00,1261.0,18.5,1203.0,profit_target,18.5,1203.0,profit_target,18.5,1203.0,profit_target,18.5,1203.0,profit_target,48100
1074,trade_1074_2025-08-29_1305_B.csv,2025-08-29 13:00:00,bearish,2025-08-29 13:05:00,149.0,24513.6,2025-09-02,24650,pe,2025-08-29 13:14:00,163.9,profit_target,9,14.9,968.0,16.55,11.11,2025-08-29 13:14:00,5.6,3.76,2025-08-29 13:05:00,1076.0,14.9,969.0,profit_target,14.9,969.0,profit_target,14.9,969.0,profit_target,14.9,969.0,profit_target,38740
1077,trade_1077_2025-09-05_1015_B.csv,2025-09-05 10:10:00,bearish,2025-09-05 10:15:00,219.8,24678.55,2025-09-09,24850,pe,2025-09-05 10:28:00,164.85,stop_loss,13,-54.95,-3572.0,15.8,7.19,2025-09-05 10:20:00,62.2,28.3,2025-09-05 10:28:00,1027.0,-34.05,-2213.0,trail_stop,-34.05,-2213.0,trail_stop,-62.2,-4043.0,trail_stop,-62.2,-4043.0,trail_stop,-142870
1081,trade_1081_2025-09-19_0925_B.csv,2025-09-19 09:20:00,bearish,2025-09-19 09:25:00,148.05,25362.6,2025-09-23,25500,pe,2025-09-19 09:33:00,162.86,profit_target,8,14.81,963.0,18.75,12.66,2025-09-19 09:33:00,1.4,0.95,2025-09-19 09:25:00,1219.0,14.81,962.0,profit_target,14.81,962.0,profit_target,14.81,962.0,profit_target,14.81,962.0,profit_target,38506
1091,trade_1091_2025-10-17_1440_B.csv,2025-10-17 14:35:00,bullish,2025-10-17 14:40:00,188.0,25732.25,2025-10-20,25600,ce,2025-10-17 15:10:00,154.9,max_hold,30,-33.1,-2152.0,8.95,4.76,2025-10-17 14:40:00,33.1,17.61,2025-10-17 15:10:00,582.0,-25.0,-1625.0,trail_stop,-33.1,-2151.0,trail_stop,-33.1,-2151.0,max_hold,-33.1,-2151.0,max_hold,-86060
1095,trade_1095_2025-10-31_1020_B.csv,2025-10-31 10:15:00,bearish,2025-10-31 10:20:00,159.4,25859.15,2025-11-04,26000,pe,2025-10-31 10:22:00,175.34,profit_target,2,15.94,1036.0,13.5,8.47,2025-10-31 10:22:00,0.0,0.0,,878.0,15.94,1036.0,profit_target,15.94,1036.0,profit_target,15.94,1036.0,profit_target,15.94,1036.0,profit_target,41444
1096,trade_1096_2025-11-07_1430_B.csv,2025-11-07 14:25:00,bullish,2025-11-07 14:30:00,188.25,25533.7,2025-11-11,25400,ce,2025-11-07 15:00:00,160.4,max_hold,30,-27.85,-1810.0,0.0,0.0,,32.0,17.0,2025-11-07 14:58:00,0.0,-27.85,-1810.0,max_hold,-27.85,-1810.0,max_hold,-27.85,-1810.0,max_hold,-27.85,-1810.0,max_hold,-72410
1100,trade_1100_2025-11-14_1340_B.csv,2025-11-14 13:35:00,bearish,2025-11-14 13:40:00,159.2,25769.45,2025-11-18,25900,pe,2025-11-14 13:45:00,175.12,profit_target,5,15.92,1035.0,22.1,13.88,2025-11-14 13:45:00,1.05,0.66,2025-11-14 13:41:00,1436.0,15.92,1035.0,profit_target,15.92,1035.0,profit_target,15.92,1035.0,profit_target,15.92,1035.0,profit_target,41392
1101,trade_1101_2025-11-21_1320_B.csv,2025-11-21 13:15:00,bearish,2025-11-21 13:20:00,177.0,26115.85,2025-11-25,26250,pe,2025-11-21 13:50:00,175.3,max_hold,30,-1.7,-110.0,12.95,7.32,2025-11-21 13:25:00,11.15,6.3,2025-11-21 13:38:00,842.0,-1.7,-110.0,max_hold,-1.7,-110.0,max_hold,-1.7,-110.0,max_hold,-1.7,-110.0,max_hold,-4420
1111,trade_1111_2025-12-12_1235_B.csv,2025-12-12 12:30:00,bullish,2025-12-12 12:35:00,187.4,26034.3,2025-12-16,25900,ce,2025-12-12 13:05:00,174.75,max_hold,30,-12.65,-822.0,1.0,0.53,2025-12-12 12:35:00,20.8,11.1,2025-12-12 12:48:00,65.0,-12.65,-822.0,max_hold,-12.65,-822.0,max_hold,-12.65,-822.0,max_hold,-12.65,-822.0,max_hold,-32890
1116,trade_1116_2025-12-19_0920_B.csv,2025-12-19 09:15:00,bullish,2025-12-19 09:20:00,224.95,25924.1,2025-12-23,25750,ce,2025-12-19 09:30:00,247.45,profit_target,10,22.5,1462.0,29.75,13.23,2025-12-19 09:30:00,0.0,0.0,,1934.0,22.5,1462.0,profit_target,22.5,1462.0,profit_target,22.5,1462.0,profit_target,22.5,1462.0,profit_target,58500
1117,trade_1117_2025-12-19_1335_B.csv,2025-12-19 13:30:00,bullish,2025-12-19 13:35:00,193.45,25968.3,2025-12-23,25800,ce,2025-12-19 14:05:00,193.5,max_hold,30,0.05,3.0,10.3,5.32,2025-12-19 13:47:00,0.4,0.21,2025-12-19 13:38:00,670.0,0.05,3.0,max_hold,0.05,3.0,max_hold,0.05,3.0,max_hold,0.05,3.0,max_hold,130
1122,trade_1122_2026-01-02_0920_B.csv,2026-01-02 09:15:00,bullish,2026-01-02 09:20:00,176.0,26181.75,2026-01-06,26050,ce,2026-01-02 09:28:00,193.6,profit_target,8,17.6,1144.0,21.9,12.44,2026-01-02 09:28:00,0.0,0.0,,1424.0,17.6,1144.0,profit_target,17.6,1144.0,profit_target,17.6,1144.0,profit_target,17.6,1144.0,profit_target,45760
1128,trade_1128_2026-01-23_1145_B.csv,2026-01-23 11:40:00,bearish,2026-01-23 11:45:00,169.1,25211.45,2026-01-27,25350,pe,2026-01-23 11:49:00,186.01,profit_target,4,16.91,1099.0,23.95,14.16,2026-01-23 11:49:00,1.0,0.59,2026-01-23 11:45:00,1557.0,16.91,1099.0,profit_target,16.91,1099.0,profit_target,16.91,1099.0,profit_target,16.91,1099.0,profit_target,43966
1131,trade_1131_2026-01-30_0920_B.csv,2026-01-30 09:15:00,bearish,2026-01-30 09:20:00,264.3,25257.8,2026-02-03,25400,pe,2026-01-30 09:50:00,240.5,max_hold,30,-23.8,-1547.0,23.3,8.82,2026-01-30 09:30:00,25.15,9.52,2026-01-30 09:38:00,1514.0,-21.35,-1388.0,trail_stop,-23.8,-1547.0,max_hold,-23.8,-1547.0,max_hold,-23.8,-1547.0,max_hold,-61880
1133,trade_1133_2026-02-06_0925_B.csv,2026-02-06 09:20:00,bearish,2026-02-06 09:25:00,208.8,25588.1,2026-02-10,25750,pe,2026-02-06 09:36:00,229.68,profit_target,11,20.88,1357.0,15.15,7.26,2026-02-06 09:35:00,1.15,0.55,2026-02-06 09:27:00,985.0,20.88,1357.0,profit_target,20.88,1357.0,profit_target,20.88,1357.0,profit_target,20.88,1357.0,profit_target,54288
1134,trade_1134_2026-02-06_1235_B.csv,2026-02-06 12:30:00,bearish,2026-02-06 12:35:00,197.35,25542.95,2026-02-10,25700,pe,2026-02-06 13:05:00,185.6,max_hold,30,-11.75,-764.0,5.95,3.01,2026-02-06 12:56:00,12.85,6.51,2026-02-06 12:47:00,387.0,-11.75,-764.0,max_hold,-11.75,-764.0,max_hold,-11.75,-764.0,max_hold,-11.75,-764.0,max_hold,-30550
1135,trade_1135_2026-02-13_1350_B.csv,2026-02-13 13:45:00,bearish,2026-02-13 13:50:00,170.7,25510.5,2026-02-17,25650,pe,2026-02-13 14:20:00,156.95,max_hold,30,-13.75,-894.0,7.65,4.48,2026-02-13 13:51:00,13.75,8.06,2026-02-13 14:20:00,497.0,-13.75,-894.0,max_hold,-13.75,-894.0,max_hold,-13.75,-894.0,max_hold,-13.75,-894.0,max_hold,-35750
1139,trade_1139_2026-02-20_1420_B.csv,2026-02-20 14:15:00,bullish,2026-02-20 14:20:00,214.7,25630.5,2026-02-24,25500,ce,2026-02-20 14:46:00,236.17,profit_target,26,21.47,1396.0,19.75,9.2,2026-02-20 14:46:00,22.05,10.27,2026-02-20 14:29:00,1284.0,21.47,1396.0,profit_target,21.47,1396.0,profit_target,21.47,1396.0,profit_target,21.47,1396.0,profit_target,55822
1143,trade_1143_2026-02-27_0920_B.csv,2026-02-27 09:15:00,bearish,2026-02-27 09:20:00,202.25,25394.8,2026-03-02,25550,pe,2026-02-27 09:29:00,222.48,profit_target,9,20.23,1315.0,25.05,12.39,2026-02-27 09:29:00,9.7,4.8,2026-02-27 09:25:00,1628.0,20.23,1315.0,profit_target,20.23,1315.0,profit_target,20.23,1315.0,profit_target,20.23,1315.0,profit_target,52598
