time_stamp,open,high,low,close,volume
2026-02-27 15:15:00,25168.8,25189.1,25159.35,25181.8,0.0
2026-03-02 09:15:00,24659.25,24958.8,24645.1,24889.4,0.0
2026-03-02 09:30:00,24889.75,24977.6,24885.45,24963.65,0.0
2026-03-02 09:45:00,24964.3,24989.35,24883.2,24945.1,0.0
2026-03-02 10:00:00,24946.2,24953.25,24865.7,24884.85,0.0
2026-03-02 10:15:00,24885.35,24887.85,24853.7,24859.6,0.0
2026-03-02 10:30:00,24860.95,24885.25,24812.25,24813.7,0.0
2026-03-02 10:45:00,24814.8,24859.2,24814.0,24855.15,0.0
2026-03-02 11:00:00,24856.3,24868.7,24839.35,24843.2,0.0
2026-03-02 11:15:00,24844.8,24849.2,24797.55,24803.0,0.0
2026-03-02 11:30:00,24802.8,24825.45,24797.45,24821.6,0.0
2026-03-02 11:45:00,24822.2,24842.8,24782.7,24784.0,0.0
2026-03-02 12:00:00,24784.1,24784.6,24743.25,24744.55,0.0
2026-03-02 12:15:00,24743.5,24756.0,24718.55,24735.65,0.0
2026-03-02 12:30:00,24734.55,24741.25,24684.25,24687.9,0.0
2026-03-02 12:45:00,24687.5,24711.8,24679.1,24697.05,0.0
2026-03-02 13:00:00,24698.95,24706.65,24686.85,24695.5,0.0
2026-03-02 13:15:00,24695.65,24708.8,24671.6,24679.5,0.0
2026-03-02 13:30:00,24677.8,24690.65,24655.55,24675.35,0.0
2026-03-02 13:45:00,24675.15,24678.5,24604.5,24614.75,0.0
2026-03-02 14:00:00,24612.6,24795.5,24603.5,24787.4,0.0
2026-03-02 14:15:00,24787.5,24794.55,24727.8,24730.3,0.0
2026-03-02 14:30:00,24730.9,24879.35,24722.5,24864.85,0.0
2026-03-02 14:45:00,24865.3,24892.4,24815.2,24823.35,0.0
2026-03-02 15:00:00,24824.7,24904.8,24808.35,24904.8,0.0
2026-03-02 15:15:00,24905.25,24914.85,24845.2,24849.75,0.0
2026-03-04 09:15:00,24388.8,24476.95,24315.45,24342.85,0.0
2026-03-04 09:30:00,24344.75,24412.0,24317.15,24408.75,0.0
2026-03-04 09:45:00,24410.95,24416.2,24323.6,24325.9,0.0
2026-03-04 10:00:00,24325.8,24414.8,24305.4,24413.65,0.0
2026-03-04 10:15:00,24412.65,24437.35,24382.6,24419.05,0.0
2026-03-04 10:30:00,24420.0,24420.7,24379.95,24390.75,0.0
2026-03-04 10:45:00,24391.65,24422.4,24375.7,24391.45,0.0
2026-03-04 11:00:00,24392.45,24461.4,24388.6,24435.45,0.0
2026-03-04 11:15:00,24436.15,24438.9,24363.0,24365.55,0.0
2026-03-04 11:30:00,24366.95,24383.35,24354.15,24362.2,0.0
2026-03-04 11:45:00,24364.05,24401.05,24354.3,24374.5,0.0
2026-03-04 12:00:00,24376.85,24402.3,24376.35,24379.85,0.0
2026-03-04 12:15:00,24381.15,24385.6,24362.25,24368.3,0.0
2026-03-04 12:30:00,24368.95,24387.5,24357.75,24382.55,0.0
2026-03-04 12:45:00,24383.35,24428.1,24379.95,24416.8,0.0
2026-03-04 13:00:00,24418.0,24461.0,24414.5,24461.0,0.0
2026-03-04 13:15:00,24461.45,24477.45,24432.3,24451.6,0.0
2026-03-04 13:30:00,24451.25,24466.35,24418.15,24462.6,0.0
2026-03-04 13:45:00,24463.5,24469.85,24415.75,24437.0,0.0
2026-03-04 14:00:00,24437.9,24556.95,24437.55,24554.95,0.0
2026-03-04 14:15:00,24555.35,24574.65,24513.85,24522.5,0.0
2026-03-04 14:30:00,24523.1,24584.15,24502.6,24578.75,0.0
2026-03-04 14:45:00,24579.1,24602.45,24548.0,24582.95,0.0
2026-03-04 15:00:00,24584.45,24584.45,24457.45,24465.95,0.0
2026-03-04 15:15:00,24464.85,24482.15,24451.05,24473.95,0.0
2026-03-05 09:15:00,24615.95,24651.95,24549.1,24568.45,0.0
2026-03-05 09:30:00,24570.6,24599.6,24530.05,24596.2,0.0
2026-03-05 09:45:00,24596.3,24656.7,24583.75,24628.5,0.0
2026-03-05 10:00:00,24628.25,24649.0,24595.15,24596.25,0.0
2026-03-05 10:15:00,24597.05,24608.65,24538.55,24564.55,0.0
2026-03-05 10:30:00,24563.7,24653.95,24550.3,24650.95,0.0
2026-03-05 10:45:00,24651.05,24672.4,24629.25,24666.55,0.0
2026-03-05 11:00:00,24667.2,24672.8,24639.05,24643.2,0.0
2026-03-05 11:15:00,24639.85,24662.95,24607.7,24612.9,0.0
2026-03-05 11:30:00,24613.65,24638.3,24588.55,24590.35,0.0
2026-03-05 11:45:00,24590.75,24597.55,24556.9,24579.1,0.0
2026-03-05 12:00:00,24580.2,24616.3,24574.45,24615.5,0.0
2026-03-05 12:15:00,24615.65,24651.75,24592.9,24648.85,0.0
2026-03-05 12:30:00,24649.15,24665.95,24632.65,24645.8,0.0
2026-03-05 12:45:00,24646.5,24657.6,24619.4,24653.45,0.0
2026-03-05 13:00:00,24653.95,24660.85,24632.55,24639.65,0.0
2026-03-05 13:15:00,24640.7,24651.35,24621.75,24651.0,0.0
2026-03-05 13:30:00,24651.55,24671.3,24605.8,24619.8,0.0
2026-03-05 13:45:00,24619.85,24635.1,24569.75,24573.7,0.0
2026-03-05 14:00:00,24572.5,24586.1,24547.35,24553.75,0.0
2026-03-05 14:15:00,24554.15,24617.4,24529.4,24611.25,0.0
2026-03-05 14:30:00,24611.5,24761.15,24576.45,24726.8,0.0
2026-03-05 14:45:00,24727.05,24854.2,24712.75,24848.95,0.0
2026-03-05 15:00:00,24849.2,24853.25,24714.1,24714.8,0.0
2026-03-05 15:15:00,24716.0,24759.4,24706.05,24737.45,0.0
2026-03-06 09:15:00,24656.4,24700.9,24587.15,24681.2,0.0
2026-03-06 09:30:00,24681.5,24681.5,24639.8,24678.85,0.0
2026-03-06 09:45:00,24678.35,24688.1,24618.85,24625.15,0.0
2026-03-06 10:00:00,24624.3,24661.1,24616.95,24653.35,0.0
2026-03-06 10:15:00,24652.35,24675.65,24647.4,24651.75,0.0
2026-03-06 10:30:00,24652.35,24652.7,24608.75,24620.15,0.0
2026-03-06 10:45:00,24620.8,24622.3,24575.15,24594.65,0.0
2026-03-06 11:00:00,24594.9,24648.7,24594.9,24617.6,0.0
2026-03-06 11:15:00,24617.4,24621.4,24593.9,24607.25,0.0
2026-03-06 11:30:00,24607.75,24654.55,24602.55,24616.4,0.0
2026-03-06 11:45:00,24616.5,24634.9,24611.7,24625.7,0.0
2026-03-06 12:00:00,24625.85,24631.45,24605.45,24608.85,0.0
2026-03-06 12:15:00,24608.6,24623.35,24576.05,24578.3,0.0
2026-03-06 12:30:00,24578.25,24602.0,24578.25,24599.85,0.0
2026-03-06 12:45:00,24599.8,24611.25,24583.8,24603.7,0.0
2026-03-06 13:00:00,24603.6,24614.25,24591.9,24602.65,0.0
2026-03-06 13:15:00,24602.05,24614.85,24593.25,24609.65,0.0
2026-03-06 13:30:00,24609.0,24623.5,24571.55,24594.95,0.0
2026-03-06 13:45:00,24596.6,24596.6,24552.95,24554.9,0.0
2026-03-06 14:00:00,24555.7,24605.7,24543.2,24585.75,0.0
2026-03-06 14:15:00,24587.2,24616.45,24585.45,24593.0,0.0
2026-03-06 14:30:00,24593.45,24602.3,24534.1,24543.45,0.0
2026-03-06 14:45:00,24543.5,24559.75,24445.35,24482.55,0.0
2026-03-06 15:00:00,24481.8,24492.8,24431.3,24441.65,0.0
2026-03-06 15:15:00,24441.1,24474.4,24415.75,24469.4,0.0
2026-03-09 09:15:00,23868.05,23959.7,23697.8,23736.75,0.0
2026-03-09 09:30:00,23736.25,23799.3,23734.8,23735.65,0.0
2026-03-09 09:45:00,23737.4,23786.4,23711.85,23773.9,0.0
2026-03-09 10:00:00,23774.0,23834.15,23750.65,23806.2,0.0
2026-03-09 10:15:00,23805.0,23805.0,23755.85,23781.85,0.0
2026-03-09 10:30:00,23781.15,23791.75,23744.85,23783.4,0.0
2026-03-09 10:45:00,23784.45,23896.0,23750.15,23862.35,0.0
2026-03-09 11:00:00,23866.2,23871.65,23784.45,23819.5,0.0
2026-03-09 11:15:00,23818.45,23888.65,23787.35,23877.25,0.0
2026-03-09 11:30:00,23877.8,23932.0,23863.9,23897.65,0.0
2026-03-09 11:45:00,23897.85,23910.5,23878.75,23887.2,0.0
2026-03-09 12:00:00,23887.5,23888.6,23828.35,23855.35,0.0
2026-03-09 12:15:00,23855.6,23870.85,23839.2,23862.2,0.0
2026-03-09 12:30:00,23862.8,23883.15,23834.1,23873.45,0.0
2026-03-09 12:45:00,23874.65,23914.95,23854.3,23910.95,0.0
2026-03-09 13:00:00,23909.35,23918.2,23863.35,23869.7,0.0
2026-03-09 13:15:00,23870.0,23906.85,23853.85,23882.15,0.0
2026-03-09 13:30:00,23883.6,23937.55,23882.5,23902.85,0.0
2026-03-09 13:45:00,23903.1,23911.55,23876.05,23878.5,0.0
2026-03-09 14:00:00,23878.65,23904.8,23859.6,23883.6,0.0
2026-03-09 14:15:00,23884.55,23917.3,23863.95,23902.5,0.0
2026-03-09 14:30:00,23903.0,23956.3,23895.6,23946.95,0.0
2026-03-09 14:45:00,23947.25,24019.35,23939.3,24011.0,0.0
2026-03-09 15:00:00,24012.3,24078.15,23973.95,24047.7,0.0
2026-03-09 15:15:00,24047.15,24056.15,23994.7,24005.8,0.0
2026-03-10 09:15:00,24280.8,24303.8,24125.15,24159.8,0.0
2026-03-10 09:30:00,24159.35,24164.6,24085.6,24153.45,0.0
2026-03-10 09:45:00,24152.95,24158.3,24079.95,24093.1,0.0
2026-03-10 10:00:00,24092.05,24160.95,24091.3,24151.05,0.0
2026-03-10 10:15:00,24151.5,24213.7,24149.3,24160.6,0.0
2026-03-10 10:30:00,24160.3,24224.8,24159.1,24217.05,0.0
2026-03-10 10:45:00,24217.2,24233.2,24173.95,24197.4,0.0
2026-03-10 11:00:00,24197.6,24224.95,24186.6,24222.4,0.0
2026-03-10 11:15:00,24222.2,24243.5,24206.1,24229.0,0.0
2026-03-10 11:30:00,24229.55,24255.3,24226.95,24250.1,0.0
2026-03-10 11:45:00,24250.0,24250.5,24193.9,24210.65,0.0
2026-03-10 12:00:00,24210.8,24229.45,24172.5,24172.5,0.0
2026-03-10 12:15:00,24173.1,24189.45,24143.05,24162.65,0.0
2026-03-10 12:30:00,24163.3,24191.5,24142.45,24147.05,0.0
2026-03-10 12:45:00,24147.6,24231.35,24142.75,24219.15,0.0
2026-03-10 13:00:00,24219.4,24236.5,24194.9,24209.35,0.0
2026-03-10 13:15:00,24209.9,24225.3,24190.4,24212.6,0.0
2026-03-10 13:30:00,24212.55,24262.85,24212.4,24238.55,0.0
2026-03-10 13:45:00,24238.5,24253.5,24223.5,24233.2,0.0
2026-03-10 14:00:00,24233.45,24294.0,24215.6,24285.95,0.0
2026-03-10 14:15:00,24286.25,24296.65,24221.25,24235.45,0.0
2026-03-10 14:30:00,24235.2,24245.95,24201.95,24224.6,0.0
2026-03-10 14:45:00,24224.85,24278.15,24208.5,24261.45,0.0
2026-03-10 15:00:00,24261.95,24276.25,24217.5,24258.0,0.0
2026-03-10 15:15:00,24257.4,24302.5,24254.0,24286.15,0.0
2026-03-11 09:15:00,24231.85,24299.0,24213.75,24237.35,0.0
2026-03-11 09:30:00,24237.9,24238.25,24172.75,24187.65,0.0
2026-03-11 09:45:00,24188.95,24207.5,24144.65,24153.7,0.0
2026-03-11 10:00:00,24154.6,24161.7,24109.6,24116.5,0.0
2026-03-11 10:15:00,24117.1,24132.25,24103.45,24121.65,0.0
2026-03-11 10:30:00,24122.35,24141.95,24069.85,24074.1,0.0
2026-03-11 10:45:00,24074.0,24104.1,24049.05,24102.95,0.0
2026-03-11 11:00:00,24103.1,24114.1,24063.3,24071.4,0.0
2026-03-11 11:15:00,24073.75,24073.75,24009.2,24033.55,0.0
2026-03-11 11:30:00,24033.9,24034.35,23986.0,24013.55,0.0
2026-03-11 11:45:00,24014.45,24015.95,23971.6,23982.3,0.0
2026-03-11 12:00:00,23982.6,24023.85,23978.8,24011.6,0.0
2026-03-11 12:15:00,24012.55,24024.2,24002.5,24011.9,0.0
2026-03-11 12:30:00,24012.35,24023.65,23969.7,24010.95,0.0
2026-03-11 12:45:00,24011.85,24011.85,23971.15,23973.3,0.0
2026-03-11 13:00:00,23973.8,23993.75,23919.8,23929.65,0.0
2026-03-11 13:15:00,23930.7,23980.65,23913.45,23980.0,0.0
2026-03-11 13:30:00,23980.45,24005.35,23955.85,23957.95,0.0
2026-03-11 13:45:00,23958.45,23966.25,23938.7,23959.2,0.0
2026-03-11 14:00:00,23959.0,23960.9,23929.2,23939.95,0.0
2026-03-11 14:15:00,23940.95,23974.6,23892.0,23974.55,0.0
2026-03-11 14:30:00,23975.8,23977.05,23913.7,23921.3,0.0
2026-03-11 14:45:00,23921.55,23930.4,23871.8,23872.4,0.0
2026-03-11 15:00:00,23874.8,23913.1,23854.35,23861.9,0.0
2026-03-11 15:15:00,23864.2,23879.6,23834.3,23848.2,0.0
2026-03-12 09:15:00,23674.85,23690.85,23556.3,23603.35,0.0
2026-03-12 09:30:00,23600.45,23619.6,23569.4,23602.65,0.0
2026-03-12 09:45:00,23606.2,23696.6,23595.05,23693.8,0.0
2026-03-12 10:00:00,23695.4,23696.75,23605.35,23610.15,0.0
2026-03-12 10:15:00,23610.5,23681.55,23589.9,23666.65,0.0
2026-03-12 10:30:00,23666.35,23721.05,23632.35,23692.7,0.0
2026-03-12 10:45:00,23693.4,23742.15,23669.3,23740.9,0.0
2026-03-12 11:00:00,23741.6,23774.0,23733.95,23741.05,0.0
2026-03-12 11:15:00,23741.75,23756.65,23665.0,23703.3,0.0
2026-03-12 11:30:00,23704.2,23718.25,23676.6,23711.35,0.0
2026-03-12 11:45:00,23712.45,23742.2,23688.1,23739.85,0.0
2026-03-12 12:00:00,23739.45,23750.65,23710.5,23749.35,0.0
2026-03-12 12:15:00,23751.15,23759.2,23721.8,23744.1,0.0
2026-03-12 12:30:00,23744.4,23747.6,23702.3,23715.8,0.0
2026-03-12 12:45:00,23716.7,23731.25,23700.8,23717.0,0.0
2026-03-12 13:00:00,23717.85,23722.4,23656.4,23715.25,0.0
2026-03-12 13:15:00,23718.3,23767.95,23695.8,23764.3,0.0
2026-03-12 13:30:00,23765.25,23833.15,23764.7,23789.9,0.0
2026-03-12 13:45:00,23789.35,23801.25,23738.6,23738.6,0.0
2026-03-12 14:00:00,23740.55,23771.55,23701.95,23738.9,0.0
2026-03-12 14:15:00,23739.35,23758.15,23709.65,23711.8,0.0
2026-03-12 14:30:00,23713.5,23745.15,23667.6,23673.8,0.0
2026-03-12 14:45:00,23673.15,23684.1,23605.55,23639.45,0.0
2026-03-12 15:00:00,23641.1,23679.8,23609.95,23633.9,0.0
2026-03-12 15:15:00,23636.35,23652.15,23624.6,23639.35,0.0
2026-03-13 09:15:00,23462.5,23487.9,23415.25,23469.65,0.0
2026-03-13 09:30:00,23469.8,23492.4,23424.95,23425.25,0.0
2026-03-13 09:45:00,23426.55,23426.85,23344.2,23347.55,0.0
2026-03-13 10:00:00,23349.1,23369.95,23311.85,23329.8,0.0
2026-03-13 10:15:00,23330.95,23357.1,23305.75,23353.45,0.0
2026-03-13 10:30:00,23354.45,23360.0,23313.05,23324.55,0.0
2026-03-13 10:45:00,23325.2,23379.55,23309.3,23372.7,0.0
2026-03-13 11:00:00,23373.8,23374.7,23317.45,23321.65,0.0
2026-03-13 11:15:00,23323.55,23379.2,23309.65,23377.35,0.0
2026-03-13 11:30:00,23378.85,23414.9,23365.35,23407.9,0.0
2026-03-13 11:45:00,23409.35,23410.6,23360.5,23361.2,0.0
2026-03-13 12:00:00,23363.1,23365.45,23317.45,23336.15,0.0
2026-03-13 12:15:00,23338.9,23338.9,23266.1,23278.7,0.0
2026-03-13 12:30:00,23280.05,23281.5,23193.55,23212.4,0.0
2026-03-13 12:45:00,23214.0,23250.2,23210.2,23231.1,0.0
2026-03-13 13:00:00,23232.55,23239.55,23173.55,23175.7,0.0
2026-03-13 13:15:00,23178.35,23192.75,23136.5,23189.35,0.0
2026-03-13 13:30:00,23191.35,23202.65,23131.15,23157.15,0.0
2026-03-13 13:45:00,23159.1,23168.4,23112.0,23118.95,0.0
2026-03-13 14:00:00,23121.65,23205.5,23120.2,23201.85,0.0
2026-03-13 14:15:00,23203.65,23233.5,23182.75,23202.5,0.0
2026-03-13 14:30:00,23204.6,23258.6,23203.6,23224.8,0.0
2026-03-13 14:45:00,23228.7,23231.2,23144.55,23177.9,0.0
2026-03-13 15:00:00,23181.05,23190.55,23125.1,23162.55,0.0
2026-03-13 15:15:00,23161.45,23173.85,23138.5,23170.9,0.0
2026-03-16 09:15:00,23116.1,23248.05,23098.0,23157.75,0.0
2026-03-16 09:30:00,23159.5,23284.65,23158.2,23240.5,0.0
2026-03-16 09:45:00,23240.2,23276.95,23164.7,23167.55,0.0
2026-03-16 10:00:00,23168.8,23210.5,23143.25,23155.2,0.0
2026-03-16 10:15:00,23154.35,23154.35,23024.45,23024.95,0.0
2026-03-16 10:30:00,23026.5,23076.75,23025.95,23052.05,0.0
2026-03-16 10:45:00,23053.5,23064.25,22955.25,23032.25,0.0
2026-03-16 11:00:00,23032.95,23097.45,23012.95,23092.35,0.0
2026-03-16 11:15:00,23093.55,23199.45,23090.7,23172.2,0.0
2026-03-16 11:30:00,23172.75,23218.15,23148.35,23149.5,0.0
2026-03-16 11:45:00,23149.9,23172.0,23138.1,23144.95,0.0
2026-03-16 12:00:00,23144.4,23188.95,23144.4,23162.85,0.0
2026-03-16 12:15:00,23163.3,23196.45,23154.35,23179.4,0.0
2026-03-16 12:30:00,23178.65,23182.55,23114.5,23154.8,0.0
2026-03-16 12:45:00,23154.15,23154.6,23093.25,23132.4,0.0
2026-03-16 13:00:00,23132.75,23172.6,23086.35,23116.8,0.0
2026-03-16 13:15:00,23117.95,23168.95,23115.4,23124.5,0.0
2026-03-16 13:30:00,23123.75,23147.85,23100.7,23108.25,0.0
2026-03-16 13:45:00,23107.45,23142.55,23092.85,23130.8,0.0
2026-03-16 14:00:00,23130.45,23180.7,23116.0,23155.3,0.0
2026-03-16 14:15:00,23155.05,23374.7,23134.6,23347.85,0.0
2026-03-16 14:30:00,23352.85,23450.8,23337.65,23427.85,0.0
2026-03-16 14:45:00,23429.85,23502.0,23411.3,23454.05,0.0
2026-03-16 15:00:00,23455.3,23460.2,23388.75,23435.25,0.0
2026-03-16 15:15:00,23435.8,23436.05,23338.6,23355.6,0.0
2026-03-17 09:15:00,23493.2,23493.2,23346.6,23373.15,0.0
2026-03-17 09:30:00,23376.7,23462.9,23359.5,23453.15,0.0
2026-03-17 09:45:00,23453.45,23501.75,23431.7,23496.75,0.0
2026-03-17 10:00:00,23496.7,23537.1,23496.7,23525.85,0.0
2026-03-17 10:15:00,23525.75,23577.55,23500.2,23501.85,0.0
2026-03-17 10:30:00,23501.7,23510.65,23443.0,23483.9,0.0
2026-03-17 10:45:00,23484.65,23533.9,23475.5,23523.85,0.0
2026-03-17 11:00:00,23524.6,23528.15,23467.4,23471.45,0.0
2026-03-17 11:15:00,23470.45,23479.5,23375.95,23384.35,0.0
2026-03-17 11:30:00,23385.25,23409.9,23355.7,23390.45,0.0
2026-03-17 11:45:00,23390.9,23429.6,23376.05,23415.35,0.0
2026-03-17 12:00:00,23414.75,23450.05,23402.6,23435.15,0.0
2026-03-17 12:15:00,23436.2,23438.3,23381.55,23406.35,0.0
2026-03-17 12:30:00,23407.05,23457.25,23380.35,23450.9,0.0
2026-03-17 12:45:00,23449.3,23496.2,23449.3,23477.55,0.0
2026-03-17 13:00:00,23477.05,23533.5,23476.15,23532.95,0.0
2026-03-17 13:15:00,23533.95,23560.2,23524.85,23541.05,0.0
2026-03-17 13:30:00,23542.5,23592.05,23504.15,23530.75,0.0
2026-03-17 13:45:00,23531.75,23568.3,23531.05,23541.85,0.0
2026-03-17 14:00:00,23542.5,23608.95,23533.4,23600.0,0.0
2026-03-17 14:15:00,23600.4,23606.85,23526.85,23554.05,0.0
2026-03-17 14:30:00,23554.55,23615.35,23554.55,23587.1,0.0
2026-03-17 14:45:00,23588.35,23656.8,23567.55,23654.5,0.0
2026-03-17 15:00:00,23655.2,23655.2,23567.5,23607.05,0.0
2026-03-17 15:15:00,23607.65,23607.65,23546.55,23558.8,0.0
2026-03-18 09:15:00,23632.9,23738.9,23618.45,23715.3,0.0
2026-03-18 09:30:00,23714.8,23735.05,23700.1,23721.75,0.0
2026-03-18 09:45:00,23720.35,23754.65,23669.55,23691.25,0.0
2026-03-18 10:00:00,23691.15,23695.65,23640.7,23664.3,0.0
2026-03-18 10:15:00,23664.95,23737.85,23664.65,23722.95,0.0
2026-03-18 10:30:00,23721.65,23746.0,23713.45,23723.35,0.0
2026-03-18 10:45:00,23721.65,23778.55,23721.1,23770.6,0.0
2026-03-18 11:00:00,23770.8,23791.5,23764.15,23785.3,0.0
2026-03-18 11:15:00,23784.7,23806.4,23770.6,23799.6,0.0
2026-03-18 11:30:00,23798.75,23835.95,23783.1,23817.95,0.0
2026-03-18 11:45:00,23816.9,23822.5,23803.55,23806.3,0.0
2026-03-18 12:00:00,23806.65,23810.8,23772.15,23779.65,0.0
2026-03-18 12:15:00,23779.2,23788.8,23760.9,23767.0,0.0
2026-03-18 12:30:00,23767.15,23789.95,23762.4,23778.2,0.0
2026-03-18 12:45:00,23777.7,23794.5,23764.95,23775.9,0.0
2026-03-18 13:00:00,23775.15,23803.2,23766.4,23803.2,0.0
2026-03-18 13:15:00,23802.4,23836.75,23792.4,23824.35,0.0
2026-03-18 13:30:00,23823.85,23844.8,23816.0,23844.4,0.0
2026-03-18 13:45:00,23845.45,23859.35,23819.05,23833.65,0.0
2026-03-18 14:00:00,23832.5,23851.5,23809.6,23817.65,0.0
2026-03-18 14:15:00,23817.5,23862.25,23811.1,23835.25,0.0
2026-03-18 14:30:00,23836.45,23840.05,23779.7,23780.6,0.0
2026-03-18 14:45:00,23780.55,23808.35,23775.55,23801.8,0.0
2026-03-18 15:00:00,23801.65,23809.8,23766.9,23792.55,0.0
2026-03-18 15:15:00,23792.35,23792.9,23730.65,23764.1,0.0
2026-03-19 09:15:00,23197.75,23378.7,23180.95,23316.05,0.0
2026-03-19 09:30:00,23317.2,23325.6,23255.5,23271.0,0.0
2026-03-19 09:45:00,23269.6,23273.35,23226.75,23242.7,0.0
2026-03-19 10:00:00,23241.95,23269.95,23230.45,23236.65,0.0
2026-03-19 10:15:00,23234.75,23283.95,23204.05,23272.4,0.0
2026-03-19 10:30:00,23273.15,23317.8,23271.7,23311.7,0.0
2026-03-19 10:45:00,23312.6,23312.6,23258.3,23260.45,0.0
2026-03-19 11:00:00,23260.65,23264.65,23217.1,23220.95,0.0
2026-03-19 11:15:00,23221.35,23253.6,23207.55,23228.05,0.0
2026-03-19 11:30:00,23227.35,23253.85,23225.55,23241.65,0.0
2026-03-19 11:45:00,23241.6,23260.0,23236.2,23241.05,0.0
2026-03-19 12:00:00,23241.9,23268.75,23217.85,23265.5,0.0
2026-03-19 12:15:00,23263.65,23281.2,23238.95,23254.85,0.0
2026-03-19 12:30:00,23254.9,23264.7,23229.3,23235.65,0.0
2026-03-19 12:45:00,23234.85,23277.3,23233.8,23264.65,0.0
2026-03-19 13:00:00,23265.35,23265.6,23194.7,23200.25,0.0
2026-03-19 13:15:00,23200.35,23208.7,23172.15,23176.65,0.0
2026-03-19 13:30:00,23176.7,23217.85,23173.8,23199.15,0.0
2026-03-19 13:45:00,23198.55,23203.75,23155.7,23163.05,0.0
2026-03-19 14:00:00,23163.3,23171.8,23087.95,23111.3,0.0
2026-03-19 14:15:00,23111.55,23137.05,23096.9,23100.65,0.0
2026-03-19 14:30:00,23101.1,23127.55,23083.75,23110.7,0.0
2026-03-19 14:45:00,23110.55,23111.55,22947.55,22954.05,0.0
2026-03-19 15:00:00,22954.9,23019.1,22930.35,22987.25,0.0
2026-03-19 15:15:00,22987.55,23093.9,22977.65,23087.85,0.0
2026-03-20 09:15:00,23110.15,23303.85,23109.9,23286.8,0.0
2026-03-20 09:30:00,23287.05,23319.7,23228.95,23228.95,0.0
2026-03-20 09:45:00,23230.6,23266.7,23222.75,23259.0,0.0
2026-03-20 10:00:00,23260.2,23261.05,23220.7,23243.65,0.0
2026-03-20 10:15:00,23243.4,23261.3,23200.65,23260.6,0.0
2026-03-20 10:30:00,23261.75,23301.8,23252.6,23290.15,0.0
2026-03-20 10:45:00,23290.6,23317.9,23277.05,23296.6,0.0
2026-03-20 11:00:00,23298.65,23303.65,23263.15,23289.15,0.0
2026-03-20 11:15:00,23288.95,23345.15,23284.6,23317.3,0.0
2026-03-20 11:30:00,23317.9,23331.6,23285.8,23286.9,0.0
2026-03-20 11:45:00,23287.4,23292.85,23223.1,23250.3,0.0
2026-03-20 12:00:00,23251.25,23259.5,23210.9,23233.05,0.0
2026-03-20 12:15:00,23234.15,23234.15,23137.05,23155.15,0.0
2026-03-20 12:30:00,23155.65,23216.4,23120.35,23205.75,0.0
2026-03-20 12:45:00,23206.5,23249.7,23202.8,23214.8,0.0
2026-03-20 13:00:00,23214.9,23251.2,23202.6,23231.5,0.0
2026-03-20 13:15:00,23232.0,23271.1,23230.0,23257.7,0.0
2026-03-20 13:30:00,23258.45,23272.4,23231.95,23232.0,0.0
2026-03-20 13:45:00,23233.7,23234.0,23188.65,23193.45,0.0
2026-03-20 14:00:00,23195.0,23244.55,23185.25,23199.15,0.0
2026-03-20 14:15:00,23200.05,23205.75,23164.0,23164.0,0.0
2026-03-20 14:30:00,23164.05,23188.05,23097.7,23098.25,0.0
2026-03-20 14:45:00,23099.4,23113.4,23067.6,23090.5,0.0
2026-03-20 15:00:00,23091.3,23177.45,23078.6,23106.85,0.0
2026-03-20 15:15:00,23106.25,23139.8,23078.7,23134.65,0.0
2026-03-23 09:15:00,22824.35,22851.7,22634.55,22704.4,0.0
2026-03-23 09:30:00,22702.15,22742.8,22691.8,22706.4,0.0
2026-03-23 09:45:00,22706.1,22706.65,22592.6,22597.5,0.0
2026-03-23 10:00:00,22597.45,22633.05,22571.1,22572.3,0.0
2026-03-23 10:15:00,22571.95,22587.5,22530.3,22531.0,0.0
2026-03-23 10:30:00,22530.6,22581.5,22529.05,22548.1,0.0
2026-03-23 10:45:00,22548.2,22550.25,22509.65,22531.85,0.0
2026-03-23 11:00:00,22531.2,22583.65,22504.15,22554.75,0.0
2026-03-23 11:15:00,22554.6,22561.45,22528.0,22559.15,0.0
2026-03-23 11:30:00,22557.85,22571.6,22508.3,22520.15,0.0
2026-03-23 11:45:00,22518.0,22564.0,22518.0,22555.9,0.0
2026-03-23 12:00:00,22556.05,22562.35,22530.6,22535.35,0.0
2026-03-23 12:15:00,22534.25,22535.55,22478.15,22511.95,0.0
2026-03-23 12:30:00,22514.6,22551.5,22497.7,22535.65,0.0
2026-03-23 12:45:00,22534.7,22555.9,22481.7,22500.05,0.0
2026-03-23 13:00:00,22499.55,22508.25,22471.25,22489.1,0.0
2026-03-23 13:15:00,22489.7,22514.5,22482.85,22487.05,0.0
2026-03-23 13:30:00,22487.6,22567.35,22487.15,22561.7,0.0
2026-03-23 13:45:00,22558.95,22629.75,22557.6,22599.65,0.0
2026-03-23 14:00:00,22598.85,22661.15,22590.45,22618.7,0.0
2026-03-23 14:15:00,22619.65,22656.45,22591.95,22611.2,0.0
2026-03-23 14:30:00,22610.55,22617.4,22515.25,22599.1,0.0
2026-03-23 14:45:00,22596.95,22646.55,22579.05,22614.5,0.0
2026-03-23 15:00:00,22614.75,22614.75,22486.1,22509.25,0.0
2026-03-23 15:15:00,22509.55,22510.7,22478.1,22492.65,0.0
2026-03-24 09:15:00,22878.45,22899.6,22762.8,22839.9,0.0
2026-03-24 09:30:00,22839.6,22852.4,22731.95,22744.8,0.0
2026-03-24 09:45:00,22747.3,22773.65,22701.2,22754.2,0.0
2026-03-24 10:00:00,22753.9,22756.65,22681.6,22708.1,0.0
2026-03-24 10:15:00,22706.95,22766.8,22701.55,22737.9,0.0
2026-03-24 10:30:00,22738.2,22738.9,22624.2,22667.9,0.0
2026-03-24 10:45:00,22667.55,22723.5,22629.4,22639.7,0.0
2026-03-24 11:00:00,22639.8,22711.05,22639.8,22698.25,0.0
2026-03-24 11:15:00,22699.4,22746.0,22689.55,22728.5,0.0
2026-03-24 11:30:00,22729.35,22770.15,22724.5,22754.65,0.0
2026-03-24 11:45:00,22754.35,22827.8,22745.85,22806.9,0.0
2026-03-24 12:00:00,22806.75,22816.9,22760.0,22761.45,0.0
2026-03-24 12:15:00,22761.9,22936.5,22753.35,22844.45,0.0
2026-03-24 12:30:00,22844.15,22989.2,22843.4,22955.2,0.0
2026-03-24 12:45:00,22956.95,23026.1,22952.85,22974.4,0.0
2026-03-24 13:00:00,22974.6,22990.5,22911.35,22990.5,0.0
2026-03-24 13:15:00,22990.75,23027.25,22958.4,23021.95,0.0
2026-03-24 13:30:00,23021.2,23057.3,22999.85,23037.5,0.0
2026-03-24 13:45:00,23037.6,23047.9,22950.6,22976.2,0.0
2026-03-24 14:00:00,22975.25,22995.75,22954.25,22992.35,0.0
2026-03-24 14:15:00,22993.2,23037.9,22920.0,22945.6,0.0
2026-03-24 14:30:00,22945.1,22959.4,22882.65,22909.65,0.0
2026-03-24 14:45:00,22909.25,22927.15,22883.9,22916.35,0.0
2026-03-24 15:00:00,22914.6,22932.1,22875.35,22898.65,0.0
2026-03-24 15:15:00,22901.15,22961.7,22881.3,22958.4,0.0
2026-03-25 09:15:00,23064.4,23220.8,23063.2,23215.1,0.0
2026-03-25 09:30:00,23214.65,23278.05,23202.55,23270.9,0.0
2026-03-25 09:45:00,23272.95,23298.25,23262.05,23286.05,0.0
2026-03-25 10:00:00,23287.4,23310.35,23246.55,23305.55,0.0
2026-03-25 10:15:00,23306.6,23318.55,23283.35,23314.55,0.0
2026-03-25 10:30:00,23313.7,23369.6,23299.95,23366.65,0.0
2026-03-25 10:45:00,23366.25,23378.35,23354.35,23367.45,0.0
2026-03-25 11:00:00,23366.0,23433.7,23366.0,23432.55,0.0
2026-03-25 11:15:00,23432.3,23434.75,23377.3,23388.4,0.0
2026-03-25 11:30:00,23391.5,23406.8,23343.5,23361.35,0.0
2026-03-25 11:45:00,23361.3,23416.35,23359.4,23399.35,0.0
2026-03-25 12:00:00,23399.4,23442.35,23394.5,23440.35,0.0
2026-03-25 12:15:00,23439.95,23449.75,23417.85,23429.25,0.0
2026-03-25 12:30:00,23429.0,23465.35,23416.55,23447.55,0.0
2026-03-25 12:45:00,23447.85,23452.25,23372.35,23375.35,0.0
2026-03-25 13:00:00,23374.85,23420.5,23369.7,23392.6,0.0
2026-03-25 13:15:00,23392.2,23424.3,23371.55,23412.95,0.0
2026-03-25 13:30:00,23414.15,23439.25,23388.1,23432.55,0.0
2026-03-25 13:45:00,23432.95,23462.8,23419.0,23430.2,0.0
2026-03-25 14:00:00,23430.35,23460.3,23387.45,23390.75,0.0
2026-03-25 14:15:00,23390.3,23403.95,23314.35,23337.25,0.0
2026-03-25 14:30:00,23337.35,23368.05,23304.5,23357.35,0.0
2026-03-25 14:45:00,23357.1,23367.65,23318.5,23334.85,0.0
2026-03-25 15:00:00,23332.5,23357.45,23284.1,23300.65,0.0
2026-03-25 15:15:00,23302.95,23311.4,23273.95,23309.0,0.0
2026-03-27 09:15:00,23173.55,23186.1,23025.5,23056.8,0.0
2026-03-27 09:30:00,23056.55,23063.85,23000.85,23053.55,0.0
2026-03-27 09:45:00,23053.1,23054.6,22978.45,22992.25,0.0
2026-03-27 10:00:00,22991.45,23034.95,22977.25,22980.5,0.0
2026-03-27 10:15:00,22980.9,23014.05,22967.3,23006.75,0.0
2026-03-27 10:30:00,23006.55,23038.65,22987.0,22989.15,0.0
2026-03-27 10:45:00,22988.35,22989.4,22948.1,22973.5,0.0
2026-03-27 11:00:00,22973.4,23001.15,22967.1,22990.45,0.0
2026-03-27 11:15:00,22990.9,22992.7,22927.3,22934.5,0.0
2026-03-27 11:30:00,22935.3,22957.3,22929.3,22950.55,0.0
2026-03-27 11:45:00,22950.8,22961.8,22938.8,22946.65,0.0
2026-03-27 12:00:00,22946.0,22954.25,22917.2,22934.35,0.0
2026-03-27 12:15:00,22932.95,22964.25,22905.6,22962.3,0.0
2026-03-27 12:30:00,22962.8,22967.55,22930.65,22964.7,0.0
2026-03-27 12:45:00,22965.0,22973.2,22939.9,22945.65,0.0
2026-03-27 13:00:00,22945.05,22952.6,22920.0,22943.65,0.0
2026-03-27 13:15:00,22943.15,22992.95,22935.75,22936.4,0.0
2026-03-27 13:30:00,22935.8,22949.15,22909.3,22930.3,0.0
2026-03-27 13:45:00,22931.35,22945.3,22912.75,22922.85,0.0
2026-03-27 14:00:00,22922.9,22930.6,22884.5,22911.05,0.0
2026-03-27 14:15:00,22911.65,22917.1,22872.1,22885.15,0.0
2026-03-27 14:30:00,22886.65,22886.95,22831.35,22852.6,0.0
2026-03-27 14:45:00,22854.35,22869.2,22840.4,22845.0,0.0
2026-03-27 15:00:00,22843.55,22843.95,22811.2,22814.4,0.0
2026-03-27 15:15:00,22814.8,22839.5,22804.55,22839.5,0.0
2026-03-30 09:15:00,22549.65,22618.05,22470.15,22580.75,0.0
2026-03-30 09:30:00,22581.4,22714.1,22576.75,22659.25,0.0
2026-03-30 09:45:00,22659.55,22690.0,22596.95,22615.3,0.0
2026-03-30 10:00:00,22614.7,22665.5,22556.6,22596.75,0.0
2026-03-30 10:15:00,22595.9,22603.95,22534.75,22534.75,0.0
2026-03-30 10:30:00,22535.45,22554.6,22512.25,22514.55,0.0
2026-03-30 10:45:00,22513.3,22538.3,22478.35,22490.2,0.0
2026-03-30 11:00:00,22489.6,22509.3,22454.0,22478.55,0.0
2026-03-30 11:15:00,22479.25,22488.25,22465.8,22468.2,0.0
2026-03-30 11:30:00,22468.1,22535.8,22457.35,22486.65,0.0
2026-03-30 11:45:00,22485.7,22489.85,22453.0,22484.0,0.0
2026-03-30 12:00:00,22483.15,22594.5,22480.3,22567.1,0.0
2026-03-30 12:15:00,22566.9,22594.1,22502.85,22519.15,0.0
2026-03-30 12:30:00,22519.85,22579.3,22508.0,22557.05,0.0
2026-03-30 12:45:00,22557.35,22560.7,22484.05,22505.8,0.0
2026-03-30 13:00:00,22506.1,22511.4,22481.45,22499.2,0.0
2026-03-30 13:15:00,22498.55,22516.35,22456.55,22476.45,0.0
2026-03-30 13:30:00,22476.2,22502.1,22454.85,22462.05,0.0
2026-03-30 13:45:00,22461.15,22468.15,22420.0,22428.8,0.0
2026-03-30 14:00:00,22428.1,22487.2,22417.95,22420.5,0.0
2026-03-30 14:15:00,22420.2,22431.85,22375.8,22378.05,0.0
2026-03-30 14:30:00,22376.55,22410.6,22350.65,22366.8,0.0
2026-03-30 14:45:00,22365.6,22383.4,22337.8,22349.95,0.0
2026-03-30 15:00:00,22348.5,22348.5,22283.85,22335.6,0.0
2026-03-30 15:15:00,22335.45,22391.0,22325.15,22379.2,0.0
2026-04-01 09:15:00,22899.0,22930.4,22809.0,22929.75,0.0
2026-04-01 09:30:00,22928.55,22937.65,22824.15,22854.95,0.0
2026-04-01 09:45:00,22851.45,22932.1,22848.5,22893.15,0.0
2026-04-01 10:00:00,22892.9,22941.3,22862.55,22868.85,0.0
2026-04-01 10:15:00,22867.9,22879.45,22771.65,22796.5,0.0
2026-04-01 10:30:00,22797.1,22816.4,22778.35,22807.5,0.0
2026-04-01 10:45:00,22808.6,22820.25,22769.5,22770.75,0.0
2026-04-01 11:00:00,22771.35,22791.65,22738.25,22763.75,0.0
2026-04-01 11:15:00,22763.55,22800.65,22747.7,22790.1,0.0
2026-04-01 11:30:00,22788.85,22822.65,22786.45,22799.15,0.0
2026-04-01 11:45:00,22797.65,22798.65,22736.6,22775.9,0.0
2026-04-01 12:00:00,22774.1,22864.6,22774.1,22859.3,0.0
2026-04-01 12:15:00,22857.75,22864.2,22817.85,22832.8,0.0
2026-04-01 12:30:00,22831.0,22856.35,22816.55,22834.6,0.0
2026-04-01 12:45:00,22834.95,22881.1,22833.85,22862.05,0.0
2026-04-01 13:00:00,22862.1,22883.4,22842.7,22883.3,0.0
2026-04-01 13:15:00,22883.2,22897.95,22795.0,22807.95,0.0
2026-04-01 13:30:00,22808.35,22808.35,22648.35,22675.15,0.0
2026-04-01 13:45:00,22674.85,22725.9,22658.7,22703.65,0.0
2026-04-01 14:00:00,22703.75,22756.6,22688.2,22753.0,0.0
2026-04-01 14:15:00,22754.35,22756.8,22709.95,22733.4,0.0
2026-04-01 14:30:00,22734.55,22734.9,22641.3,22662.65,0.0
2026-04-01 14:45:00,22660.6,22685.35,22618.6,22647.8,0.0
2026-04-01 15:00:00,22651.25,22692.55,22651.25,22671.65,0.0
2026-04-01 15:15:00,22671.1,22706.3,22668.6,22703.15,0.0
2026-04-02 09:15:00,22383.4,22394.65,22209.15,22244.45,0.0
2026-04-02 09:30:00,22244.35,22290.75,22239.45,22264.45,0.0
2026-04-02 09:45:00,22264.2,22273.2,22205.55,22206.5,0.0
2026-04-02 10:00:00,22206.8,22236.65,22182.55,22234.35,0.0
2026-04-02 10:15:00,22234.5,22234.5,22188.95,22217.65,0.0
2026-04-02 10:30:00,22216.85,22236.2,22206.8,22221.4,0.0
2026-04-02 10:45:00,22221.2,22249.5,22189.45,22243.7,0.0
2026-04-02 11:00:00,22242.95,22250.2,22217.95,22227.65,0.0
2026-04-02 11:15:00,22225.85,22231.3,22202.75,22207.6,0.0
2026-04-02 11:30:00,22206.5,22239.2,22203.7,22223.15,0.0
2026-04-02 11:45:00,22224.3,22300.6,22223.1,22277.55,0.0
2026-04-02 12:00:00,22277.2,22288.75,22244.55,22267.85,0.0
2026-04-02 12:15:00,22266.95,22295.0,22231.25,22294.5,0.0
2026-04-02 12:30:00,22293.2,22368.1,22285.15,22363.05,0.0
2026-04-02 12:45:00,22363.3,22371.7,22323.55,22365.3,0.0
2026-04-02 13:00:00,22364.85,22406.0,22330.9,22369.85,0.0
2026-04-02 13:15:00,22368.5,22489.05,22360.3,22488.25,0.0
2026-04-02 13:30:00,22488.45,22543.5,22458.0,22535.65,0.0
2026-04-02 13:45:00,22537.8,22561.55,22493.8,22530.35,0.0
2026-04-02 14:00:00,22529.45,22628.8,22519.85,22627.25,0.0
2026-04-02 14:15:00,22625.85,22684.7,22618.4,22665.65,0.0
2026-04-02 14:30:00,22665.55,22706.65,22572.85,22584.6,0.0
2026-04-02 14:45:00,22584.4,22667.15,22569.15,22658.3,0.0
2026-04-02 15:00:00,22659.0,22761.95,22650.8,22760.4,0.0
2026-04-02 15:15:00,22761.95,22782.3,22673.6,22700.7,0.0
2026-04-06 09:15:00,22780.3,22798.25,22591.7,22609.05,0.0
2026-04-06 09:30:00,22604.85,22746.9,22596.5,22620.2,0.0
2026-04-06 09:45:00,22621.5,22636.35,22566.65,22569.3,0.0
2026-04-06 10:00:00,22569.1,22656.8,22561.9,22654.85,0.0
2026-04-06 10:15:00,22659.8,22679.7,22591.3,22634.45,0.0
2026-04-06 10:30:00,22634.05,22662.65,22598.85,22653.5,0.0
2026-04-06 10:45:00,22653.95,22669.2,22609.6,22635.85,0.0
2026-04-06 11:00:00,22635.6,22635.8,22542.95,22567.8,0.0
2026-04-06 11:15:00,22567.45,22635.65,22558.65,22629.3,0.0
2026-04-06 11:30:00,22629.15,22650.6,22595.9,22644.4,0.0
2026-04-06 11:45:00,22644.3,22707.8,22634.55,22676.4,0.0
2026-04-06 12:00:00,22678.05,22691.95,22659.4,22659.6,0.0
2026-04-06 12:15:00,22660.35,22731.1,22653.1,22713.4,0.0
2026-04-06 12:30:00,22713.55,22714.9,22644.45,22675.65,0.0
2026-04-06 12:45:00,22676.2,22804.0,22675.45,22802.45,0.0
2026-04-06 13:00:00,22804.1,22865.25,22758.45,22860.7,0.0
2026-04-06 13:15:00,22861.3,22898.95,22843.85,22860.2,0.0
2026-04-06 13:30:00,22863.65,22900.55,22843.5,22850.9,0.0
2026-04-06 13:45:00,22852.7,22887.4,22843.4,22862.8,0.0
2026-04-06 14:00:00,22862.45,22913.4,22861.75,22911.4,0.0
2026-04-06 14:15:00,22911.65,22929.7,22881.4,22895.45,0.0
2026-04-06 14:30:00,22896.65,22940.7,22895.9,22913.8,0.0
2026-04-06 14:45:00,22914.3,22930.3,22886.3,22917.15,0.0
2026-04-06 15:00:00,22917.05,22998.35,22912.45,22989.35,0.0
2026-04-06 15:15:00,22990.3,22991.2,22954.2,22959.45,0.0
2026-04-07 09:15:00,22838.7,22893.4,22719.3,22889.85,0.0
2026-04-07 09:30:00,22891.45,22901.05,22793.0,22801.8,0.0
2026-04-07 09:45:00,22803.25,22892.65,22803.25,22886.15,0.0
2026-04-07 10:00:00,22889.35,22928.7,22879.3,22920.0,0.0
2026-04-07 10:15:00,22921.8,22966.6,22915.85,22943.65,0.0
2026-04-07 10:30:00,22944.5,22965.25,22887.6,22958.85,0.0
2026-04-07 10:45:00,22960.3,22960.95,22834.65,22843.95,0.0
2026-04-07 11:00:00,22845.1,22886.7,22827.75,22862.5,0.0
2026-04-07 11:15:00,22866.05,22947.0,22852.15,22943.6,0.0
2026-04-07 11:30:00,22943.5,22960.25,22911.75,22921.25,0.0
2026-04-07 11:45:00,22922.4,22991.7,22903.8,22984.7,0.0
2026-04-07 12:00:00,22986.2,22987.75,22906.25,22942.55,0.0
2026-04-07 12:15:00,22939.95,22947.25,22905.7,22924.75,0.0
2026-04-07 12:30:00,22926.2,22951.9,22920.3,22946.05,0.0
2026-04-07 12:45:00,22947.2,22952.05,22912.5,22915.9,0.0
2026-04-07 13:00:00,22917.4,22956.05,22906.15,22938.85,0.0
2026-04-07 13:15:00,22941.65,22970.7,22933.75,22959.95,0.0
2026-04-07 13:30:00,22961.9,23062.4,22961.8,23056.05,0.0
2026-04-07 13:45:00,23057.5,23063.55,22960.05,22977.7,0.0
2026-04-07 14:00:00,22979.9,23022.65,22974.1,23011.95,0.0
2026-04-07 14:15:00,23014.55,23026.15,22982.15,23014.1,0.0
2026-04-07 14:30:00,23015.0,23049.95,22989.45,23028.6,0.0
2026-04-07 14:45:00,23031.4,23101.4,23020.7,23096.7,0.0
2026-04-07 15:00:00,23096.85,23134.8,23076.5,23109.25,0.0
2026-04-07 15:15:00,23109.4,23153.85,23106.1,23129.95,0.0
2026-04-08 09:30:00,23878.4,23921.35,23875.9,23920.15,0.0
2026-04-08 09:45:00,23922.2,23961.25,23891.85,23897.4,0.0
2026-04-08 10:00:00,23898.8,23935.1,23878.6,23880.45,0.0
2026-04-08 10:15:00,23881.65,23915.25,23869.1,23909.85,0.0
2026-04-08 10:30:00,23910.6,23952.95,23904.05,23950.95,0.0
2026-04-08 10:45:00,23951.65,23984.5,23925.15,23982.15,0.0
2026-04-08 11:00:00,23984.05,24004.65,23981.3,23991.6,0.0
2026-04-08 11:15:00,23992.7,24014.0,23975.5,23982.75,0.0
2026-04-08 11:30:00,23982.45,23988.3,23947.1,23980.55,0.0
2026-04-08 11:45:00,23981.55,23998.6,23923.5,23931.2,0.0
2026-04-08 12:00:00,23932.6,23971.2,23920.15,23963.2,0.0
2026-04-08 12:15:00,23963.45,23973.95,23949.25,23950.1,0.0
2026-04-08 12:30:00,23950.95,23950.95,23902.25,23946.35,0.0
2026-04-08 12:45:00,23946.7,23979.8,23932.35,23978.8,0.0
2026-04-08 13:00:00,23978.05,23988.6,23948.8,23974.3,0.0
2026-04-08 13:15:00,23975.1,24001.6,23965.2,23999.15,0.0
2026-04-08 13:30:00,24000.35,24025.15,23975.4,23975.4,0.0
2026-04-08 13:45:00,23974.85,23990.05,23953.1,23985.5,0.0
2026-04-08 14:00:00,23986.35,23986.35,23944.0,23948.15,0.0
2026-04-08 14:15:00,23950.6,23988.8,23946.75,23979.55,0.0
2026-04-08 14:30:00,23980.45,24006.15,23971.9,23998.9,0.0
2026-04-08 14:45:00,24001.85,24017.6,23972.55,24002.65,0.0
2026-04-08 15:00:00,24002.45,24011.5,23955.75,23994.25,0.0
2026-04-08 15:15:00,23998.1,24018.25,23985.3,24010.6,0.0
