ts,crudeoilm_direction,silvermic_direction,inverse
2026-02-09 20:00:00,bullish,bullish,False
2026-02-10 09:00:00,bearish,bearish,False
2026-02-11 09:00:00,bullish,bullish,False
2026-02-13 19:00:00,bullish,bullish,False
2026-02-13 20:00:00,bearish,bearish,False
2026-02-23 09:00:00,bearish,bullish,True
2026-03-09 09:00:00,bullish,bearish,True
2026-03-11 09:00:00,bullish,bearish,True
2026-03-27 09:00:00,bearish,bullish,True
2026-04-02 19:15:00,bearish,bullish,True
2026-04-15 17:15:00,bearish,bullish,True
2026-04-15 20:45:00,bullish,bearish,True
2026-04-17 22:45:00,bullish,bearish,True
2026-04-24 16:30:00,bearish,bullish,True
2026-04-27 18:00:00,bullish,bearish,True
2026-05-06 17:15:00,bullish,bearish,True
2026-05-20 11:45:00,bearish,bullish,True
2026-05-20 19:45:00,bearish,bullish,True
2026-05-26 09:00:00,bullish,bearish,True
2026-05-27 09:00:00,bearish,bullish,True
2026-05-29 19:45:00,bullish,bearish,True
2026-05-29 20:30:00,bearish,bullish,True
2026-06-11 17:45:00,bullish,bearish,True
2026-06-15 20:30:00,bullish,bearish,True
2026-07-15 09:00:00,bullish,bearish,True
2026-07-23 09:00:00,bullish,bearish,True
2026-07-24 20:30:00,bearish,bullish,True
2026-08-11 15:45:00,bearish,bullish,True
2026-08-20 18:15:00,bearish,bullish,True
2026-08-27 09:00:00,bearish,bullish,True
2026-09-16 09:00:00,bearish,bullish,True
2026-09-24 21:45:00,bearish,bullish,True
