engine,rule,kind,act,trail,n,total_pct,dd_pct,calmar_pct,win_pct,pre_total_pct,pre_calmar_pct,post_total_pct,post_calmar_pct
Selene,decided exits only,none,,,2487,322.8,-24.2,13.31,38.6,190.4,7.85,132.4,6.64
Selene,trail 0.5% from entry,trail,0.5,0.5,2488,100.7,-12.7,7.92,38.0,78.4,6.17,22.3,3.99
Selene,trail 0.75% from entry,trail,0.75,0.75,2488,208.2,-21.8,9.56,37.9,161.5,7.41,46.7,7.28
Selene,trail 1.0% from entry,trail,1.0,1.0,2488,244.6,-26.2,9.32,38.2,186.7,7.11,57.9,7.68
Selene,trail 1.5% from entry,trail,1.5,1.5,2487,256.2,-24.7,10.35,38.4,196.3,7.94,59.8,4.11
Selene,trail 2.0% from entry,trail,2.0,2.0,2487,242.9,-24.1,10.06,38.2,196.4,8.14,46.5,2.05
Selene,trail 3.0% from entry,trail,3.0,3.0,2487,262.0,-24.2,10.82,38.6,188.9,7.8,73.2,3.35
Selene,trail 4.0% from entry,trail,4.0,4.0,2487,307.8,-24.2,12.69,38.6,188.7,7.78,119.1,6.16
Selene,trail 6.0% from entry,trail,6.0,6.0,2487,329.4,-24.2,13.58,38.6,190.4,7.85,139.0,7.15
Selene,trail 0.5% after +0.5%,act,0.5,0.5,2488,144.7,-14.4,10.02,54.2,115.4,7.99,29.3,2.47
Selene,trail 1.0% after +0.5%,act,0.5,1.0,2488,241.2,-25.8,9.35,39.3,186.7,7.24,54.5,3.95
Selene,trail 1.5% after +0.5%,act,0.5,1.5,2487,262.0,-25.0,10.48,38.8,195.1,7.8,66.9,3.93
Selene,trail 2.0% after +0.5%,act,0.5,2.0,2487,254.9,-24.1,10.56,38.4,195.2,8.09,59.7,2.67
Selene,trail 3.0% after +0.5%,act,0.5,3.0,2487,269.9,-24.2,11.14,38.6,188.7,7.79,81.2,3.6
Selene,trail 0.5% after +1.0%,act,1.0,0.5,2488,184.9,-17.5,10.55,42.0,135.8,7.75,49.1,5.32
Selene,trail 1.0% after +1.0%,act,1.0,1.0,2488,279.5,-24.0,11.66,41.5,207.8,8.67,71.7,7.37
Selene,trail 1.5% after +1.0%,act,1.0,1.5,2487,265.8,-24.4,10.88,39.0,194.9,7.98,70.9,5.01
Selene,trail 2.0% after +1.0%,act,1.0,2.0,2487,260.2,-24.0,10.83,38.5,194.9,8.12,65.3,3.2
Selene,trail 3.0% after +1.0%,act,1.0,3.0,2487,270.9,-24.2,11.18,38.6,188.8,7.79,82.1,3.65
Selene,trail 0.5% after +2.0%,act,2.0,0.5,2488,243.1,-23.0,10.57,39.1,172.9,7.52,70.2,3.61
Selene,trail 1.0% after +2.0%,act,2.0,1.0,2488,276.4,-23.8,11.63,39.1,201.1,8.46,75.3,4.92
Selene,trail 1.5% after +2.0%,act,2.0,1.5,2487,277.8,-24.5,11.32,39.0,203.7,8.3,74.1,4.39
Selene,trail 2.0% after +2.0%,act,2.0,2.0,2487,271.8,-24.2,11.21,38.9,195.6,8.07,76.1,4.9
Selene,trail 3.0% after +2.0%,act,2.0,3.0,2487,287.9,-24.2,11.87,38.7,189.0,7.79,98.9,5.68
Selene,trail 0.5% after +3.0%,act,3.0,0.5,2487,295.4,-24.2,12.18,38.8,182.8,7.54,112.5,8.29
Selene,trail 1.0% after +3.0%,act,3.0,1.0,2487,303.5,-24.2,12.52,38.8,201.4,8.31,102.1,8.79
Selene,trail 1.5% after +3.0%,act,3.0,1.5,2487,292.6,-24.2,12.07,38.8,200.5,8.27,92.1,7.55
Selene,trail 2.0% after +3.0%,act,3.0,2.0,2487,279.1,-24.2,11.51,38.8,194.4,8.02,84.7,6.33
Selene,trail 3.0% after +3.0%,act,3.0,3.0,2487,287.0,-24.2,11.84,38.7,188.9,7.79,98.1,5.69
Selene,trail 0.5% after +5.0%,act,5.0,0.5,2487,331.7,-24.2,13.68,38.6,215.0,8.87,116.7,5.85
Selene,trail 1.0% after +5.0%,act,5.0,1.0,2487,324.2,-24.2,13.37,38.6,210.0,8.66,114.2,5.73
Selene,trail 1.5% after +5.0%,act,5.0,1.5,2487,315.4,-24.2,13.01,38.6,206.1,8.5,109.3,5.48
Selene,trail 2.0% after +5.0%,act,5.0,2.0,2487,325.8,-24.2,13.44,38.6,197.2,8.13,128.6,6.45
Selene,trail 3.0% after +5.0%,act,5.0,3.0,2487,304.8,-24.2,12.57,38.6,192.0,7.92,112.8,5.66
Selene,breakeven after +0.5%,be,0.5,,2488,262.5,-22.7,11.56,31.4,178.2,7.85,84.3,4.27
Selene,breakeven after +1.0%,be,1.0,,2487,296.1,-24.2,12.22,36.8,185.4,7.65,110.7,6.72
Selene,breakeven after +2.0%,be,2.0,,2487,291.9,-24.2,12.04,38.3,190.2,7.84,101.7,5.57
Selene,breakeven after +3.0%,be,3.0,,2487,293.7,-24.2,12.11,38.4,190.4,7.85,103.3,5.63
Selene,breakeven after +5.0%,be,5.0,,2487,323.8,-24.2,13.35,38.5,190.4,7.85,133.4,6.69
Helios,decided exits only,none,,,1174,184.2,-10.3,17.97,38.8,112.3,16.9,72.0,7.02
Helios,trail 0.5% from entry,trail,0.5,0.5,1175,89.9,-6.1,14.81,38.7,68.1,11.22,21.8,7.0
Helios,trail 0.75% from entry,trail,0.75,0.75,1175,111.1,-8.1,13.8,38.0,82.6,15.24,28.5,3.54
Helios,trail 1.0% from entry,trail,1.0,1.0,1175,138.6,-10.0,13.87,38.7,101.8,15.47,36.9,3.69
Helios,trail 1.5% from entry,trail,1.5,1.5,1174,168.0,-10.9,15.41,38.6,110.4,16.61,57.6,5.29
Helios,trail 2.0% from entry,trail,2.0,2.0,1174,171.8,-10.3,16.75,38.9,112.4,16.92,59.4,5.79
Helios,trail 3.0% from entry,trail,3.0,3.0,1174,169.0,-10.3,16.48,38.8,112.3,16.9,56.8,5.54
Helios,trail 4.0% from entry,trail,4.0,4.0,1174,177.5,-10.3,17.31,38.7,112.3,16.9,65.3,6.36
Helios,trail 6.0% from entry,trail,6.0,6.0,1174,186.7,-10.3,18.2,38.8,112.3,16.9,74.4,7.25
Helios,trail 0.5% after +0.5%,act,0.5,0.5,1175,106.1,-7.5,14.11,45.9,87.1,16.03,19.0,2.52
Helios,trail 1.0% after +0.5%,act,0.5,1.0,1174,143.5,-10.4,13.79,39.1,109.1,16.04,34.4,3.3
Helios,trail 1.5% after +0.5%,act,0.5,1.5,1174,170.3,-10.9,15.63,38.7,113.9,17.15,56.4,5.18
Helios,trail 2.0% after +0.5%,act,0.5,2.0,1174,171.8,-10.3,16.75,38.9,112.4,16.92,59.4,5.79
Helios,trail 3.0% after +0.5%,act,0.5,3.0,1174,169.0,-10.3,16.48,38.8,112.3,16.9,56.8,5.54
Helios,trail 0.5% after +1.0%,act,1.0,0.5,1174,130.9,-8.4,15.57,40.1,95.4,14.33,35.4,4.22
Helios,trail 1.0% after +1.0%,act,1.0,1.0,1174,152.9,-10.2,14.94,39.8,107.9,16.25,45.0,4.39
Helios,trail 1.5% after +1.0%,act,1.0,1.5,1174,170.1,-10.3,16.59,38.7,113.6,17.1,56.5,5.51
Helios,trail 2.0% after +1.0%,act,1.0,2.0,1174,171.7,-10.3,16.75,38.9,112.4,16.92,59.4,5.79
Helios,trail 3.0% after +1.0%,act,1.0,3.0,1174,169.0,-10.3,16.48,38.8,112.3,16.9,56.8,5.54
Helios,trail 0.5% after +2.0%,act,2.0,0.5,1174,170.3,-10.0,17.11,39.0,115.6,17.86,54.7,5.5
Helios,trail 1.0% after +2.0%,act,2.0,1.0,1174,164.8,-10.3,16.07,39.0,110.4,16.62,54.5,5.31
Helios,trail 1.5% after +2.0%,act,2.0,1.5,1174,178.4,-10.3,17.39,39.0,113.8,17.14,64.6,6.29
Helios,trail 2.0% after +2.0%,act,2.0,2.0,1174,171.0,-10.3,16.67,38.9,112.4,16.92,58.5,5.71
Helios,trail 3.0% after +2.0%,act,2.0,3.0,1174,169.0,-10.3,16.48,38.8,112.3,16.9,56.8,5.54
Helios,trail 0.5% after +3.0%,act,3.0,0.5,1174,177.8,-10.3,17.34,38.8,121.4,18.27,56.5,5.51
Helios,trail 1.0% after +3.0%,act,3.0,1.0,1174,168.7,-10.3,16.45,38.8,116.0,17.46,52.7,5.14
Helios,trail 1.5% after +3.0%,act,3.0,1.5,1174,176.0,-10.3,17.16,38.8,113.7,17.12,62.3,6.07
Helios,trail 2.0% after +3.0%,act,3.0,2.0,1174,170.1,-10.3,16.59,38.8,112.8,16.98,57.3,5.59
Helios,trail 3.0% after +3.0%,act,3.0,3.0,1174,169.0,-10.3,16.48,38.8,112.3,16.9,56.7,5.53
Helios,trail 0.5% after +5.0%,act,5.0,0.5,1174,193.1,-10.3,18.83,38.8,115.2,17.34,78.0,7.6
Helios,trail 1.0% after +5.0%,act,5.0,1.0,1174,190.0,-10.3,18.53,38.8,113.8,17.14,76.2,7.43
Helios,trail 1.5% after +5.0%,act,5.0,1.5,1174,193.0,-10.3,18.82,38.8,111.9,16.85,81.1,7.91
Helios,trail 2.0% after +5.0%,act,5.0,2.0,1174,189.2,-10.3,18.45,38.8,112.5,16.94,76.7,7.47
Helios,trail 3.0% after +5.0%,act,5.0,3.0,1174,186.5,-10.3,18.19,38.8,112.3,16.9,74.3,7.24
Helios,breakeven after +0.5%,be,0.5,,1174,153.1,-12.8,11.96,34.6,103.7,17.07,49.4,3.86
Helios,breakeven after +1.0%,be,1.0,,1174,175.4,-13.3,13.22,37.9,114.5,17.24,60.9,4.59
Helios,breakeven after +2.0%,be,2.0,,1174,178.7,-10.3,17.43,38.6,112.4,16.92,66.3,6.47
Helios,breakeven after +3.0%,be,3.0,,1174,178.2,-10.3,17.38,38.6,112.3,16.91,65.9,6.42
Helios,breakeven after +5.0%,be,5.0,,1174,184.2,-10.3,17.97,38.8,112.3,16.9,72.0,7.02
Typhon,decided exits only,none,,,1403,138.5,-20.6,6.72,33.1,139.0,6.81,-0.4,-0.02
Typhon,trail 0.5% from entry,trail,0.5,0.5,1404,67.9,-11.0,6.16,40.7,49.6,4.5,18.3,2.81
Typhon,trail 0.75% from entry,trail,0.75,0.75,1404,97.6,-15.0,6.5,39.4,93.4,8.28,4.2,0.28
Typhon,trail 1.0% from entry,trail,1.0,1.0,1404,126.4,-14.4,8.76,38.9,114.5,7.94,12.0,1.21
Typhon,trail 1.5% from entry,trail,1.5,1.5,1404,134.3,-30.4,4.42,35.7,138.5,9.61,-4.2,-0.17
Typhon,trail 2.0% from entry,trail,2.0,2.0,1404,145.3,-18.7,7.77,33.8,145.6,7.98,-0.3,-0.01
Typhon,trail 3.0% from entry,trail,3.0,3.0,1403,131.1,-22.7,5.79,33.1,140.1,6.93,-9.0,-0.4
Typhon,trail 4.0% from entry,trail,4.0,4.0,1403,137.0,-20.6,6.64,33.1,139.0,6.81,-2.0,-0.1
Typhon,trail 6.0% from entry,trail,6.0,6.0,1403,138.5,-20.6,6.72,33.1,139.0,6.81,-0.4,-0.02
Typhon,trail 0.5% after +0.5%,act,0.5,0.5,1404,67.2,-13.5,4.99,59.8,48.5,4.36,18.8,1.65
Typhon,trail 1.0% after +0.5%,act,0.5,1.0,1404,123.1,-15.2,8.12,39.7,113.1,7.45,10.1,0.93
Typhon,trail 1.5% after +0.5%,act,0.5,1.5,1404,134.3,-30.4,4.42,35.7,138.5,9.61,-4.2,-0.17
Typhon,trail 2.0% after +0.5%,act,0.5,2.0,1404,145.3,-18.7,7.77,33.8,145.6,7.98,-0.3,-0.01
Typhon,trail 3.0% after +0.5%,act,0.5,3.0,1403,131.1,-22.7,5.79,33.1,140.1,6.93,-9.0,-0.4
Typhon,trail 0.5% after +1.0%,act,1.0,0.5,1404,103.2,-14.0,7.35,44.7,84.5,7.56,18.7,1.33
Typhon,trail 1.0% after +1.0%,act,1.0,1.0,1404,121.6,-21.3,5.7,43.8,115.3,6.95,6.2,0.43
Typhon,trail 1.5% after +1.0%,act,1.0,1.5,1404,135.3,-31.8,4.26,35.8,141.8,9.62,-6.5,-0.24
Typhon,trail 2.0% after +1.0%,act,1.0,2.0,1404,145.3,-18.7,7.77,33.8,145.6,7.98,-0.3,-0.01
Typhon,trail 3.0% after +1.0%,act,1.0,3.0,1403,131.1,-22.7,5.79,33.1,140.1,6.93,-9.0,-0.4
Typhon,trail 0.5% after +2.0%,act,2.0,0.5,1404,61.3,-49.6,1.24,34.3,77.1,2.36,-15.8,-0.77
Typhon,trail 1.0% after +2.0%,act,2.0,1.0,1404,95.3,-49.4,1.93,34.1,101.7,3.93,-6.4,-0.24
Typhon,trail 1.5% after +2.0%,act,2.0,1.5,1404,101.2,-39.9,2.54,34.0,116.0,6.45,-14.8,-0.44
Typhon,trail 2.0% after +2.0%,act,2.0,2.0,1403,129.5,-19.2,6.75,33.9,134.5,7.21,-4.9,-0.26
Typhon,trail 3.0% after +2.0%,act,2.0,3.0,1403,131.1,-22.7,5.79,33.1,140.1,6.93,-9.0,-0.4
Typhon,trail 0.5% after +3.0%,act,3.0,0.5,1404,103.9,-35.6,2.92,33.5,100.9,3.62,3.0,0.15
Typhon,trail 1.0% after +3.0%,act,3.0,1.0,1404,111.9,-38.0,2.95,33.5,109.7,3.97,2.2,0.09
Typhon,trail 1.5% after +3.0%,act,3.0,1.5,1404,117.7,-29.7,3.96,33.4,126.5,6.57,-8.8,-0.3
Typhon,trail 2.0% after +3.0%,act,3.0,2.0,1403,128.9,-20.1,6.42,33.4,129.0,6.43,-0.1,-0.01
Typhon,trail 3.0% after +3.0%,act,3.0,3.0,1403,131.2,-22.7,5.77,33.1,140.3,6.87,-9.1,-0.4
Typhon,trail 0.5% after +5.0%,act,5.0,0.5,1404,139.0,-23.9,5.81,33.2,127.0,6.36,12.0,0.51
Typhon,trail 1.0% after +5.0%,act,5.0,1.0,1404,131.6,-25.7,5.13,33.2,122.0,5.82,9.6,0.38
Typhon,trail 1.5% after +5.0%,act,5.0,1.5,1404,134.5,-27.8,4.84,33.2,131.8,6.78,2.7,0.1
Typhon,trail 2.0% after +5.0%,act,5.0,2.0,1403,133.9,-20.3,6.6,33.1,129.2,6.43,4.7,0.23
Typhon,trail 3.0% after +5.0%,act,5.0,3.0,1403,141.2,-20.5,6.9,33.1,138.9,6.81,2.2,0.11
Typhon,breakeven after +0.5%,be,0.5,,1404,154.9,-17.3,8.94,23.1,141.1,14.23,13.8,0.79
Typhon,breakeven after +1.0%,be,1.0,,1404,151.4,-18.2,8.34,30.1,146.3,10.2,5.1,0.28
Typhon,breakeven after +2.0%,be,2.0,,1403,121.5,-24.4,4.98,32.8,132.3,6.75,-10.8,-0.44
Typhon,breakeven after +3.0%,be,3.0,,1403,129.2,-23.4,5.51,33.1,139.8,6.85,-10.6,-0.45
Typhon,breakeven after +5.0%,be,5.0,,1403,138.5,-20.6,6.72,33.1,139.0,6.81,-0.4,-0.02
