margin_pct,coverage,risk_bars_over
0.0,1.0,796
0.01,0.9679258731290092,728
0.02,0.9272986457590877,640
0.03,0.895224518888097,572
0.04,0.8638631503920171,500
0.05,0.8296507483962936,441
0.06,0.8011404133998574,383
0.07,0.7697790449037776,346
0.08,0.7455452601568069,312
0.09,0.7284390591589451,278
0.1,0.7056307911617962,243
0.11,0.6799714896650035,214
0.12,0.6528866714183892,187
0.13,0.6372059871703493,158
0.14,0.6186742694226657,143
0.15,0.601568068424804,121
0.16,0.5737704918032787,106
0.17,0.5531004989308624,94
0.18,0.5424091233071988,88
0.19,0.5231646471846044,82
0.2,0.5096222380612973,73
0.21,0.4946543121881682,62
0.22,0.4782608695652174,55
0.23,0.46756949394155384,51
0.24,0.45830363506771205,47
0.25,0.4397719173200285,42
0.26,0.42979330007127586,39
0.27,0.41625089094796863,37
0.28,0.4069850320741269,33
0.29,0.39914468995010693,30
0.3,0.3863150392017106,29
0.31,0.3699215965787598,26
0.32,0.36279401282965074,24
0.33,0.35138987883107625,21
0.34,0.3406985032074127,21
0.35,0.3285816108339273,18
0.36,0.32145402708481824,16
0.37,0.3143264433357092,14
0.38,0.3036350677120456,14
0.39,0.3000712758374911,13
0.4,0.29579472558802566,12
0.41,0.285816108339273,11
0.42,0.27726300784034213,7
0.43,0.2722736992159658,7
0.44,0.2644333570919458,5
0.45,0.2573057733428368,5
0.46,0.25017818959372773,5
0.47,0.2451888809693514,5
0.48,0.23663578047042053,5
0.49,0.23022095509622237,5
0.5,0.22665716322166785,3
0.51,0.2195295794725588,3
0.52,0.21382751247327156,3
0.53,0.2066999287241625,3
0.54,0.20242337847469707,3
0.55,0.19672131147540983,3
0.56,0.18816821097647898,2
0.57,0.18389166072701355,2
0.58,0.1796151104775481,2
0.59,0.17605131860299358,2
0.6,0.17320028510334998,2
0.61,0.16821097647897362,2
0.62,0.1646471846044191,2
0.63,0.16037063435495366,2
0.64,0.15751960085531005,2
0.65,0.1511047754811119,1
0.66,0.14754098360655737,1
0.67,0.14041339985744833,1
0.68,0.1375623663578047,1
0.69,0.13542409123307197,1
0.7,0.13114754098360656,1
0.71,0.12829650748396293,1
0.72,0.1247327156094084,1
0.73,0.1240199572344975,1
0.74,0.12188168210976479,1
0.75,0.11831789023521026,1
0.76,0.11475409836065574,1
0.77,0.11404133998574484,1
0.78,0.1097647897362794,1
0.79,0.1083392729864576,1
0.8,0.10477548111190306,1
0.81,0.09978617248752673,1
0.82,0.09836065573770492,1
0.83,0.0955096222380613,1
0.84,0.09265858873841767,1
0.85,0.08766928011404133,1
0.86,0.08553100498930863,1
0.87,0.08339272986457591,1
0.88,0.08196721311475409,1
0.89,0.07982893799002139,1
0.9,0.07911617961511047,1
0.91,0.07769066286528867,1
0.92,0.07626514611546685,1
0.93,0.07483962936564505,1
0.94,0.07341411261582323,1
0.95,0.07198859586600143,1
0.96,0.07127583749109052,1
0.97,0.0698503207412687,1
0.98,0.0691375623663578,1
0.99,0.0684248039914469,1
1.0,0.06699928724162509,1
1.01,0.06414825374198146,1
1.02,0.06343549536707056,1
1.03,0.06272273699215966,1
1.04,0.06272273699215966,1
1.05,0.06272273699215966,1
1.06,0.06129722024233785,0
1.07,0.06058446186742694,0
1.08,0.05987170349251604,0
1.09,0.05844618674269423,0
1.1,0.05844618674269423,0
1.11,0.05773342836778332,0
1.12,0.05630791161796151,0
1.13,0.0548823948681397,0
1.14,0.05274411974340699,0
1.15,0.05131860299358518,0
1.16,0.05131860299358518,0
1.17,0.05131860299358518,0
1.18,0.05131860299358518,0
1.19,0.05131860299358518,0
1.2,0.05060584461867427,0
1.21,0.04989308624376337,0
1.22,0.04989308624376337,0
1.23,0.04918032786885246,0
1.24,0.047042052744119746,0
1.25,0.04490377761938703,0
1.26,0.04490377761938703,0
1.27,0.044191019244476125,0
1.28,0.044191019244476125,0
1.29,0.043478260869565216,0
1.3,0.042765502494654314,0
1.31,0.041339985744832504,0
1.32,0.040627227369921595,0
1.33,0.040627227369921595,0
1.34,0.040627227369921595,0
1.35,0.03991446899501069,0
1.36,0.039201710620099785,0
1.37,0.039201710620099785,0
1.38,0.039201710620099785,0
1.39,0.039201710620099785,0
1.4,0.039201710620099785,0
1.41,0.039201710620099785,0
1.42,0.039201710620099785,0
1.43,0.03848895224518888,0
1.44,0.037776193870277974,0
1.45,0.03706343549536707,0
1.46,0.036350677120456164,0
1.47,0.036350677120456164,0
1.48,0.03563791874554526,0
1.49,0.03492516037063435,0
1.5,0.03492516037063435,0
1.51,0.03492516037063435,0
1.52,0.03349964362081254,0
1.53,0.03349964362081254,0
1.54,0.03349964362081254,0
1.55,0.03278688524590164,0
1.56,0.03207412687099073,0
1.57,0.03207412687099073,0
1.58,0.03207412687099073,0
1.59,0.03136136849607983,0
1.6,0.03136136849607983,0
1.61,0.030648610121168925,0
1.62,0.02993585174625802,0
1.63,0.02993585174625802,0
1.64,0.02993585174625802,0
1.65,0.02993585174625802,0
1.66,0.02993585174625802,0
1.67,0.029223093371347115,0
1.68,0.02851033499643621,0
1.69,0.02851033499643621,0
1.7,0.027797576621525304,0
1.71,0.027797576621525304,0
1.72,0.027797576621525304,0
1.73,0.027797576621525304,0
1.74,0.027797576621525304,0
1.75,0.027797576621525304,0
1.76,0.027797576621525304,0
1.77,0.026372059871703494,0
1.78,0.026372059871703494,0
1.79,0.026372059871703494,0
1.8,0.026372059871703494,0
1.81,0.02565930149679259,0
1.82,0.02565930149679259,0
1.83,0.024946543121881683,0
1.84,0.024946543121881683,0
1.85,0.024233784746970778,0
1.86,0.024233784746970778,0
1.87,0.024233784746970778,0
1.88,0.023521026372059873,0
1.89,0.023521026372059873,0
1.9,0.022808267997148968,0
1.91,0.022808267997148968,0
1.92,0.022095509622238062,0
1.93,0.022095509622238062,0
1.94,0.021382751247327157,0
1.95,0.021382751247327157,0
1.96,0.021382751247327157,0
1.97,0.021382751247327157,0
1.98,0.021382751247327157,0
1.99,0.021382751247327157,0
2.0,0.021382751247327157,0
