expiry,start,close,prev_st,dist_pct,U_pct,r_pct,final_range,gap_next,volume
2024-02-29,2023-12-01 16:00:00,77510.0,77472.12156696558,0.04886909177450728,0.5031608824667785,0.4542917906922712,390.0,10.0,44715
2026-02-27,2026-02-03 23:00:00,275683.0,275596.47751102224,0.03138477489644268,0.47046789247070003,0.43908311757425733,1297.0,0.0,5024
2026-04-30,2026-03-05 14:30:00,273391.0,273727.6853675655,0.12315159151745508,0.46636502298905236,0.3432134314715973,1275.0,316.0,2816
2024-08-30,2024-08-02 17:45:00,83835.0,83736.17541096835,0.1178798700204528,0.4473072105922347,0.3294273405717819,57.0,375.0,2274
2026-04-30,2026-03-02 19:00:00,299351.0,299212.4952386702,0.046268347635315676,0.3701340566759423,0.3238657090406266,1108.0,51.0,2507
2026-02-27,2026-01-20 14:30:00,326036.0,324977.98710086383,0.32450799885171294,0.6118956188887117,0.28738762003699875,1995.0,542.0,22246
2024-02-29,2024-01-11 21:00:00,71905.0,71982.90404219186,0.10834301118400899,0.38244906473819623,0.27410605355418727,275.0,0.0,16521
2025-02-28,2025-01-10 19:00:00,91796.0,91789.45116884558,0.007134113855089232,0.2712536493964879,0.26411953554139866,249.0,13.0,20926
2026-02-27,2026-01-20 22:45:00,327449.0,327575.1086214286,0.03851244664928103,0.30142098464188316,0.2629085379926021,987.0,41.0,5534
2026-04-30,2026-03-09 11:00:00,271150.0,271413.3770934193,0.09713335549301723,0.3492531808961829,0.2521198254031657,947.0,0.0,2762
