entry_time,strategy,vix_level,spot_level,pl,normalised_pl,instrument
2019-12-30 10:31:00,ARTEMIS,11.27,12273.75,-607.75,-607.75,NIFTY
2020-01-06 10:31:00,ARTEMIS,12.7,12086.45,-177.125,-177.125,NIFTY
2020-01-13 10:31:00,ARTEMIS,14.22,12331.3,2083.25,2083.25,NIFTY
2020-01-20 10:31:00,ARTEMIS,14.42,12305.65,1542.125,1542.125,NIFTY
2020-01-22 10:30:00,ATHENA,16.38,12127.2,1439.75,1247.7833333333333,NIFTY
2020-01-27 10:31:00,ARTEMIS,15.56,12212.95,1202.5,1202.5,NIFTY
2020-01-29 10:30:00,ATHENA,16.68,12140.95,-536.25,-464.75,NIFTY
2020-02-10 10:31:00,ARTEMIS,13.77,12007.75,1222.0,1222.0,NIFTY
2020-02-17 10:31:00,ARTEMIS,13.93,12092.7,1777.75,1777.75,NIFTY
2020-02-24 10:31:00,ARTEMIS,14.97,11947.8,1885.0,1885.0,NIFTY
2020-02-26 10:30:00,ATHENA,17.3,11713.15,6487.0,5622.066666666667,NIFTY
2020-03-04 10:30:00,ATHENA,24.5,11292.5,4910.75,4255.983333333334,NIFTY
2020-03-09 09:20:00,APOLLO,27.81,10670.65,8287.5,4309.5,NIFTY
2020-03-23 09:20:00,APOLLO,71.14,8155.25,6956.25,3617.25,NIFTY
2020-03-24 09:35:00,APOLLO,86.43,7691.9,-1162.5,-604.5,NIFTY
2020-03-26 14:50:00,APOLLO,71.96,8655.35,-952.5,-495.3,NIFTY
2020-04-03 14:05:00,APOLLO,56.38,8126.65,-6682.5,-3474.9,NIFTY
2020-04-08 09:40:00,APOLLO,52.18,8825.75,-870.0,-452.40000000000003,NIFTY
2020-04-09 09:20:00,APOLLO,50.3,8969.8,-37.5,-19.5,NIFTY
2020-04-09 15:00:00,APOLLO,49.69,9087.35,-2250.0,-1170.0,NIFTY
2020-04-17 14:25:00,APOLLO,43.08,9188.4,-588.75,-306.15000000000003,NIFTY
2020-04-20 14:30:00,APOLLO,43.09,9330.2,-2115.0,-1099.8,NIFTY
2020-04-23 14:10:00,APOLLO,39.59,9311.05,-3105.0,-1614.6000000000001,NIFTY
2020-04-27 09:20:00,APOLLO,38.18,9310.9,660.0,343.2,NIFTY
2020-04-28 09:20:00,APOLLO,37.32,9383.8,-2445.0,-1271.4,NIFTY
2020-04-28 13:10:00,APOLLO,36.49,9333.85,7275.0,3783.0,NIFTY
2020-04-30 09:20:00,APOLLO,33.06,9749.4,2047.5,1064.7,NIFTY
2020-05-04 09:20:00,APOLLO,40.53,9437.55,2088.75,1086.15,NIFTY
2020-05-05 14:20:00,APOLLO,42.66,9311.95,1732.5,900.9,NIFTY
2020-05-13 14:05:00,APOLLO,38.45,9420.75,-930.0,-483.6,NIFTY
2020-05-18 15:05:00,APOLLO,40.99,8831.3,-3217.5,-1673.1000000000001,NIFTY
2020-05-29 10:30:00,APOLLO,29.69,9482.3,8163.75,4245.150000000001,NIFTY
2020-06-02 12:10:00,APOLLO,30.47,9920.6,7976.25,4147.650000000001,NIFTY
2020-06-05 13:20:00,APOLLO,28.98,10122.95,2835.0,1474.2,NIFTY
2020-06-10 14:35:00,APOLLO,29.83,10065.6,-1976.25,-1027.65,NIFTY
2020-06-11 09:20:00,APOLLO,29.36,10059.9,7410.0,3853.2000000000003,NIFTY
2020-06-16 09:20:00,APOLLO,30.62,10029.4,-2853.75,-1483.95,NIFTY
2020-06-18 12:00:00,APOLLO,31.81,9942.85,2306.25,1199.25,NIFTY
2020-06-19 11:35:00,APOLLO,30.77,10166.6,2940.0,1528.8,NIFTY
2020-06-22 12:55:00,APOLLO,30.69,10346.45,-761.25,-395.85,NIFTY
2020-06-23 09:20:00,APOLLO,30.98,10376.25,4095.0,2129.4,NIFTY
2020-06-25 12:00:00,APOLLO,29.73,10275.95,-1166.25,-606.45,NIFTY
2020-06-29 13:45:00,APOLLO,29.77,10255.55,-2602.5,-1353.3,NIFTY
2020-07-03 09:20:00,APOLLO,26.72,10597.75,-720.0,-374.40000000000003,NIFTY
2020-07-03 15:20:00,APOLLO,25.75,10617.1,5565.0,2893.8,NIFTY
2020-07-07 15:05:00,APOLLO,25.05,10805.55,-930.0,-483.6,NIFTY
2020-07-08 13:45:00,APOLLO,25.39,10822.3,-1458.75,-758.5500000000001,NIFTY
2020-07-13 09:20:00,APOLLO,25.18,10862.5,-630.0,-327.6,NIFTY
2020-07-22 10:30:00,ATHENA,24.66,11164.45,1127.75,977.3833333333333,NIFTY
2020-07-27 12:30:00,APOLLO,25.03,11174.35,-1725.0,-897.0,NIFTY
2020-07-29 10:30:00,ATHENA,24.12,11250.05,-1010.75,-875.9833333333333,NIFTY
2020-08-03 09:20:00,APOLLO,25.41,10993.25,562.5,292.5,NIFTY
2020-08-05 10:30:00,ATHENA,23.38,11205.1,-1335.75,-1157.65,NIFTY
2020-08-12 10:30:00,ATHENA,21.72,11269.55,-900.25,-780.2166666666667,NIFTY
2020-08-19 10:30:00,ATHENA,20.04,11440.0,1696.5,1470.3,NIFTY
2020-08-26 10:30:00,ATHENA,19.36,11486.05,4264.0,3695.4666666666667,NIFTY
2020-09-02 10:30:00,ATHENA,22.31,11438.3,1644.5,1425.2333333333333,NIFTY
2020-09-09 10:30:00,ATHENA,23.0,11233.1,-91.0,-78.86666666666667,NIFTY
2020-09-16 10:30:00,ATHENA,20.37,11550.9,-3354.0,-2906.8,NIFTY
2020-09-23 10:30:00,ATHENA,20.6,11229.9,-542.75,-470.3833333333333,NIFTY
2020-09-30 10:30:00,ATHENA,19.7,11263.15,-1374.75,-1191.45,NIFTY
2020-10-07 10:30:00,ATHENA,20.15,11739.15,1537.25,1332.2833333333333,NIFTY
2020-10-14 10:30:00,ATHENA,20.84,11845.75,4624.75,4008.116666666667,NIFTY
2020-10-21 10:30:00,ATHENA,22.55,11997.75,-393.25,-340.81666666666666,NIFTY
2020-10-28 10:30:00,ATHENA,22.69,11876.95,1095.25,949.2166666666667,NIFTY
2020-11-02 09:40:00,APOLLO,25.7,11593.45,-1882.5,-978.9,NIFTY
2020-11-04 10:30:00,ATHENA,22.96,11855.35,9113.0,7897.933333333333,NIFTY
2020-11-11 10:30:00,ATHENA,21.71,12733.4,3432.0,2974.4,NIFTY
2020-11-18 10:30:00,ATHENA,19.31,12861.25,3467.75,3005.383333333333,NIFTY
2020-11-25 10:30:00,ATHENA,21.52,13040.35,2346.5,2033.6333333333334,NIFTY
2020-12-02 10:30:00,ATHENA,20.24,13076.65,-221.0,-191.53333333333333,NIFTY
2020-12-09 10:30:00,ATHENA,19.23,13477.95,2151.5,1864.6333333333334,NIFTY
2020-12-16 10:30:00,ATHENA,19.23,13634.6,3783.0,3278.6,NIFTY
2020-12-23 10:30:00,ATHENA,21.72,13526.2,-494.0,-428.1333333333333,NIFTY
2020-12-30 10:30:00,ATHENA,21.39,13897.3,204.75,177.45000000000002,NIFTY
2021-01-06 10:30:00,ATHENA,20.72,14202.3,1293.5,1121.0333333333333,NIFTY
2021-01-13 10:30:00,ATHENA,23.41,14620.75,-1816.75,-1574.5166666666667,NIFTY
2021-01-20 10:30:00,ATHENA,22.47,14585.85,-5196.75,-4503.85,NIFTY
2021-01-27 10:30:00,ATHENA,23.96,14117.4,3549.0,3075.8,NIFTY
2021-02-03 10:30:00,ATHENA,23.68,14793.05,-91.0,-78.86666666666667,NIFTY
2021-02-10 10:30:00,ATHENA,24.76,15029.1,-2658.5,-2304.0333333333333,NIFTY
2021-02-17 10:30:00,ATHENA,21.26,15236.0,-2684.5,-2326.5666666666666,NIFTY
2021-02-22 15:20:00,APOLLO,25.61,14654.35,-2763.75,-1437.15,NIFTY
2021-02-24 10:30:00,ATHENA,24.55,14820.45,838.5,726.7,NIFTY
2021-02-26 15:05:00,APOLLO,28.21,14548.05,-3210.0,-1669.2,NIFTY
2021-03-03 10:30:00,ATHENA,22.46,15057.1,5811.0,5036.2,NIFTY
2021-03-09 10:30:00,ATHENA,23.33,15069.7,-3276.0,-2839.2000000000003,NIFTY
2021-03-17 10:30:00,ATHENA,20.06,14871.85,4241.25,3675.75,NIFTY
2021-03-24 10:30:00,ATHENA,21.62,14638.3,3068.0,2658.9333333333334,NIFTY
2021-03-31 10:30:00,ATHENA,20.67,14731.0,3692.0,3199.7333333333336,NIFTY
2021-04-07 10:30:00,ATHENA,20.76,14790.5,-341.25,-295.75,NIFTY
2021-04-13 10:30:00,ATHENA,21.58,14386.3,61.75,53.516666666666666,NIFTY
2021-04-20 10:30:00,ATHENA,21.86,14456.0,6503.25,5636.150000000001,NIFTY
2021-04-28 10:30:00,ATHENA,22.76,14741.95,-1339.0,-1160.4666666666667,NIFTY
2021-05-05 10:30:00,ATHENA,22.63,14582.75,-338.0,-292.93333333333334,NIFTY
2021-05-11 10:30:00,ATHENA,19.97,14832.9,-809.25,-701.35,NIFTY
2021-05-19 10:30:00,ATHENA,19.49,15096.15,1118.0,968.9333333333334,NIFTY
2021-05-26 10:30:00,ATHENA,18.67,15274.0,-3454.75,-2994.116666666667,NIFTY
2021-06-02 10:30:00,ATHENA,16.46,15497.35,-588.25,-509.81666666666666,NIFTY
2021-06-07 10:31:00,ARTEMIS,15.35,15717.0,1855.75,1855.75,NIFTY
2021-06-14 10:31:00,ARTEMIS,14.52,15711.4,-2380.625,-2380.625,NIFTY
2021-06-28 10:31:00,ARTEMIS,13.75,15860.75,1691.625,1691.625,NIFTY
2021-07-05 10:31:00,ARTEMIS,12.3,15823.45,1166.75,1166.75,NIFTY
2021-07-12 10:31:00,ARTEMIS,13.16,15775.75,-1373.125,-1373.125,NIFTY
2021-07-19 10:31:00,ARTEMIS,12.42,15824.5,1703.0,1703.0,NIFTY
2021-07-26 10:31:00,ARTEMIS,12.33,15866.85,1184.625,1184.625,NIFTY
2021-08-09 10:31:00,ARTEMIS,13.08,16299.8,-1857.375,-1857.375,NIFTY
2021-08-16 10:31:00,ARTEMIS,13.27,16542.35,2777.125,2777.125,NIFTY
2021-08-23 10:31:00,ARTEMIS,13.6,16463.0,3428.75,3428.75,NIFTY
2021-08-30 10:31:00,ARTEMIS,12.77,16868.45,2034.5,2034.5,NIFTY
2021-09-06 10:31:00,ARTEMIS,14.72,17365.8,2336.75,2336.75,NIFTY
2021-09-13 10:31:00,ARTEMIS,14.78,17300.55,1608.75,1608.75,NIFTY
2021-09-20 10:31:00,ARTEMIS,15.74,17577.95,-3311.75,-3311.75,NIFTY
2021-09-22 10:30:00,ATHENA,16.73,17574.6,8973.25,7776.816666666667,NIFTY
2021-09-29 10:30:00,ATHENA,19.31,17643.75,-3731.0,-3233.5333333333333,NIFTY
2021-10-06 10:30:00,ATHENA,16.4,17806.0,-832.0,-721.0666666666667,NIFTY
2021-10-20 10:30:00,ATHENA,17.36,18425.05,562.25,487.28333333333336,NIFTY
2021-10-27 10:30:00,ATHENA,16.81,18294.6,-1092.0,-946.4,NIFTY
2021-11-02 10:30:00,ATHENA,17.63,17928.0,-97.5,-84.5,NIFTY
2021-11-10 10:30:00,ATHENA,16.38,17962.75,-1485.25,-1287.2166666666667,NIFTY
2021-11-15 10:31:00,ARTEMIS,15.22,18133.05,-815.75,-815.75,NIFTY
2021-11-22 10:31:00,ARTEMIS,15.41,17590.15,3141.125,3141.125,NIFTY
2021-11-24 10:30:00,ATHENA,16.8,17561.9,224.25,194.35,NIFTY
2021-12-01 10:30:00,ATHENA,20.28,17135.4,3201.25,2774.416666666667,NIFTY
2021-12-08 10:30:00,ATHENA,17.72,17385.95,1534.0,1329.4666666666667,NIFTY
2021-12-13 10:31:00,ARTEMIS,15.64,17606.25,7189.0,7189.0,NIFTY
2021-12-15 10:30:00,ATHENA,17.31,17237.25,-4416.75,-3827.85,NIFTY
2021-12-22 10:30:00,ATHENA,17.13,16837.35,2086.5,1808.3,NIFTY
2021-12-29 10:30:00,ATHENA,16.62,17253.5,17130.75,14846.65,NIFTY
2022-01-05 10:30:00,ATHENA,16.65,17823.75,497.25,430.95,NIFTY
2022-01-12 10:30:00,ATHENA,17.43,18184.3,-659.75,-571.7833333333333,NIFTY
2022-01-19 10:30:00,ATHENA,17.94,18009.7,-4319.25,-3743.35,NIFTY
2022-01-25 10:30:00,ATHENA,22.9,17074.85,3848.0,3334.9333333333334,NIFTY
2022-02-02 10:30:00,ATHENA,19.15,17731.0,861.25,746.4166666666667,NIFTY
2022-02-09 10:30:00,ATHENA,19.07,17384.1,2509.0,2174.4666666666667,NIFTY
2022-02-16 10:30:00,ATHENA,20.33,17347.35,11170.25,9680.883333333333,NIFTY
2022-03-03 15:05:00,APOLLO,28.36,16481.7,2505.0,1302.6000000000001,NIFTY
2022-03-07 13:15:00,APOLLO,28.91,15851.2,-191.25,-99.45,NIFTY
2022-03-08 11:05:00,APOLLO,28.73,15787.0,-1035.0,-538.2,NIFTY
2022-03-23 10:30:00,ATHENA,24.36,17321.45,-1462.5,-1267.5,NIFTY
2022-03-30 10:30:00,ATHENA,20.36,17458.65,-3191.5,-2765.9666666666667,NIFTY
2022-04-06 10:30:00,ATHENA,19.14,17824.65,-4104.75,-3557.4500000000003,NIFTY
2022-04-12 10:30:00,ATHENA,18.44,17487.3,-2720.25,-2357.55,NIFTY
2022-04-20 10:30:00,ATHENA,18.83,17127.5,6321.25,5478.416666666667,NIFTY
2022-04-27 10:30:00,ATHENA,20.5,17050.8,1595.75,1382.9833333333333,NIFTY
2022-05-04 10:30:00,ATHENA,21.07,16964.35,-3971.5,-3441.9666666666667,NIFTY
2022-05-11 10:30:00,ATHENA,23.38,16102.25,4335.5,3757.4333333333334,NIFTY
2022-05-18 10:30:00,ATHENA,22.41,16316.6,6701.5,5807.966666666667,NIFTY
2022-06-01 10:30:00,ATHENA,20.54,16608.7,1784.25,1546.3500000000001,NIFTY
2022-06-08 10:30:00,ATHENA,20.21,16362.7,-2323.75,-2013.9166666666667,NIFTY
2022-06-15 10:30:00,ATHENA,21.98,15726.2,773.5,670.3666666666667,NIFTY
2022-06-22 10:30:00,ATHENA,21.38,15479.4,5229.25,4532.016666666666,NIFTY
2022-06-29 10:30:00,ATHENA,21.94,15773.7,175.5,152.1,NIFTY
2022-07-06 10:30:00,ATHENA,20.44,15882.95,-1628.25,-1411.15,NIFTY
2022-07-13 10:30:00,ATHENA,18.21,16080.95,-3279.25,-2842.016666666667,NIFTY
2022-07-20 10:30:00,ATHENA,16.97,16536.2,3948.75,3422.25,NIFTY
2022-07-27 10:30:00,ATHENA,18.24,16532.15,110.5,95.76666666666667,NIFTY
2022-08-03 10:30:00,ATHENA,19.15,17259.4,2973.75,2577.25,NIFTY
2022-08-10 10:30:00,ATHENA,19.87,17523.4,-4368.0,-3785.6,NIFTY
2022-08-17 10:30:00,ATHENA,17.59,17904.65,-2882.75,-2498.383333333333,NIFTY
2022-08-24 10:30:00,ATHENA,18.74,17571.75,-308.75,-267.5833333333333,NIFTY
2022-08-30 10:30:00,ATHENA,18.67,17487.1,5378.75,4661.583333333334,NIFTY
2022-09-07 10:30:00,ATHENA,19.79,17583.3,-1556.75,-1349.1833333333334,NIFTY
2022-09-14 10:30:00,ATHENA,18.39,17914.8,4530.5,3926.4333333333334,NIFTY
2022-09-21 10:30:00,ATHENA,19.24,17810.5,-7150.0,-6196.666666666667,NIFTY
2022-09-28 10:30:00,ATHENA,21.86,16927.45,1738.75,1506.9166666666667,NIFTY
2022-10-04 10:30:00,ATHENA,20.03,17232.45,672.75,583.0500000000001,NIFTY
2022-10-12 10:30:00,ATHENA,20.42,17040.3,-5434.0,-4709.466666666667,NIFTY
2022-10-19 10:30:00,ATHENA,17.3,17603.75,2791.75,2419.516666666667,NIFTY
2022-10-25 10:30:00,ATHENA,17.22,17717.2,-1738.75,-1506.9166666666667,NIFTY
2022-10-31 10:31:00,ARTEMIS,15.92,17949.8,281.125,281.125,NIFTY
2022-11-02 10:30:00,ATHENA,16.53,18121.1,1088.75,943.5833333333334,NIFTY
2022-11-07 10:31:00,ARTEMIS,15.86,18144.7,-858.0,-858.0,NIFTY
2022-11-14 10:31:00,ARTEMIS,14.72,18333.5,3006.25,3006.25,NIFTY
2022-11-21 10:31:00,ARTEMIS,15.0,18171.15,1976.0,1976.0,NIFTY
2022-11-28 10:31:00,ARTEMIS,13.18,18545.5,2305.875,2305.875,NIFTY
2022-12-05 10:31:00,ARTEMIS,14.38,18621.7,1810.25,1810.25,NIFTY
2022-12-12 10:31:00,ARTEMIS,14.03,18500.8,-2353.0,-2353.0,NIFTY
2022-12-19 10:31:00,ARTEMIS,14.31,18348.0,-3373.5,-3373.5,NIFTY
2023-01-02 10:31:00,ARTEMIS,15.24,18165.15,1530.75,1530.75,NIFTY
2023-01-09 10:31:00,ARTEMIS,15.21,18089.4,3527.875,3527.875,NIFTY
2023-01-16 10:31:00,ARTEMIS,14.76,17965.4,666.25,666.25,NIFTY
2023-01-23 10:31:00,ARTEMIS,14.04,18152.2,1417.0,1417.0,NIFTY
2023-02-06 10:31:00,ARTEMIS,14.91,17708.4,2444.0,2444.0,NIFTY
2023-02-13 10:31:00,ARTEMIS,13.3,17757.5,3303.625,3303.625,NIFTY
2023-02-20 10:31:00,ARTEMIS,13.36,17957.4,3321.5,3321.5,NIFTY
2023-02-27 10:31:00,ARTEMIS,14.46,17324.75,1173.25,1173.25,NIFTY
2023-03-06 10:31:00,ARTEMIS,12.15,17783.55,1569.75,1569.75,NIFTY
2023-03-13 10:31:00,ARTEMIS,13.88,17428.25,4808.375,4808.375,NIFTY
2023-03-20 10:31:00,ARTEMIS,15.72,16906.8,1072.5,1072.5,NIFTY
2023-03-27 10:31:00,ARTEMIS,15.57,17031.15,3175.25,3175.25,NIFTY
2023-04-03 10:31:00,ARTEMIS,13.26,17359.55,1875.25,1875.25,NIFTY
2023-04-10 10:31:00,ARTEMIS,12.33,17612.05,2252.25,2252.25,NIFTY
2023-04-17 10:31:00,ARTEMIS,12.81,17642.0,3477.5,3477.5,NIFTY
2023-04-24 10:31:00,ARTEMIS,12.09,17621.55,1252.875,1252.875,NIFTY
2023-05-02 10:31:00,ARTEMIS,11.64,18147.05,1517.75,1517.75,NIFTY
2023-05-08 10:31:00,ARTEMIS,12.6,18227.85,-2335.125,-2335.125,NIFTY
2023-05-15 10:31:00,ARTEMIS,13.49,18380.45,-2445.625,-2445.625,NIFTY
2023-05-22 10:31:00,ARTEMIS,12.72,18269.75,-1223.625,-1223.625,NIFTY
2023-05-29 10:31:00,ARTEMIS,11.91,18608.3,1446.25,1446.25,NIFTY
2023-06-05 10:31:00,ARTEMIS,11.21,18614.45,-1600.625,-1600.625,NIFTY
2023-06-12 10:31:00,ARTEMIS,11.23,18606.65,1231.75,1231.75,NIFTY
2023-06-19 10:31:00,ARTEMIS,11.18,18806.85,-567.125,-567.125,NIFTY
2023-06-26 10:31:00,ARTEMIS,11.65,18671.15,-1488.5,-1488.5,NIFTY
2023-07-03 10:31:00,ARTEMIS,11.31,19329.85,968.5,968.5,NIFTY
2023-07-10 10:31:00,ARTEMIS,11.81,19423.55,-2177.5,-2177.5,NIFTY
2023-07-17 10:31:00,ARTEMIS,11.2,19614.75,498.875,498.875,NIFTY
2023-07-24 10:31:00,ARTEMIS,11.96,19773.3,-1872.0,-1872.0,NIFTY
2023-08-07 10:31:00,ARTEMIS,11.29,19583.9,3094.0,3094.0,NIFTY
2023-08-14 10:31:00,ARTEMIS,12.09,19321.8,-3841.5,-3841.5,NIFTY
2023-08-21 10:31:00,ARTEMIS,12.33,19343.8,1742.0,1742.0,NIFTY
2023-08-28 10:31:00,ARTEMIS,11.75,19307.95,2162.875,2162.875,NIFTY
2023-09-04 10:31:00,ARTEMIS,11.3,19451.45,1672.125,1672.125,NIFTY
2023-09-11 10:31:00,ARTEMIS,10.96,19924.3,-3880.5,-3880.5,NIFTY
2023-09-18 10:31:00,ARTEMIS,11.27,20180.8,2210.0,2210.0,NIFTY
2023-09-25 10:31:00,ARTEMIS,11.28,19619.25,2106.0,2106.0,NIFTY
2023-10-03 10:31:00,ARTEMIS,12.32,19528.05,-1222.0,-1222.0,NIFTY
2023-10-09 10:31:00,ARTEMIS,11.05,19576.15,3064.75,3064.75,NIFTY
2023-10-16 10:31:00,ARTEMIS,10.91,19755.5,-240.5,-240.5,NIFTY
2023-10-23 10:31:00,ARTEMIS,10.05,19474.3,1446.25,1446.25,NIFTY
2023-10-30 10:31:00,ARTEMIS,11.94,19060.15,-2463.5,-2463.5,NIFTY
2023-11-06 10:31:00,ARTEMIS,11.04,19358.75,1121.25,1121.25,NIFTY
2023-11-13 10:31:00,ARTEMIS,11.4,19419.95,1745.25,1745.25,NIFTY
2023-11-20 10:31:00,ARTEMIS,12.27,19748.35,2226.25,2226.25,NIFTY
2023-11-28 10:31:00,ARTEMIS,12.28,19815.8,185.25,185.25,NIFTY
2023-12-04 10:31:00,ARTEMIS,11.61,20541.75,1621.75,1621.75,NIFTY
2023-12-11 10:31:00,ARTEMIS,13.03,21013.5,-3880.5,-3880.5,NIFTY
2023-12-18 10:31:00,ARTEMIS,13.52,21475.95,926.25,926.25,NIFTY
2023-12-26 10:31:00,ARTEMIS,14.42,21436.4,35.75,35.75,NIFTY
2024-01-01 10:31:00,ARTEMIS,14.84,21710.45,-3188.25,-3188.25,NIFTY
2024-01-08 10:31:00,ARTEMIS,13.12,21703.35,-3497.0,-3497.0,NIFTY
2024-01-15 10:31:00,ARTEMIS,13.57,22023.55,685.75,685.75,NIFTY
2024-01-29 10:31:00,ARTEMIS,14.84,21575.1,2704.0,2704.0,NIFTY
2024-01-31 10:30:00,ATHENA,16.03,21601.65,5872.75,5089.716666666667,NIFTY
2024-02-05 10:31:00,ARTEMIS,15.66,21879.1,2424.5,2424.5,NIFTY
2024-02-19 10:31:00,ARTEMIS,15.78,22091.35,2980.25,2980.25,NIFTY
2024-02-21 10:30:00,ATHENA,16.1,22199.15,2106.0,1825.2,NIFTY
2024-02-26 10:31:00,ARTEMIS,15.77,22121.15,2648.75,2648.75,NIFTY
2024-03-04 10:31:00,ARTEMIS,15.19,22417.05,2704.0,2704.0,NIFTY
2024-03-11 10:31:00,ARTEMIS,14.29,22445.05,1355.25,1355.25,NIFTY
2024-03-18 10:31:00,ARTEMIS,14.47,22030.75,-399.75,-399.75,NIFTY
2024-03-26 10:31:00,ARTEMIS,12.93,22056.9,744.25,744.25,NIFTY
2024-04-01 10:31:00,ARTEMIS,13.16,22493.2,2681.25,2681.25,NIFTY
2024-04-08 10:31:00,ARTEMIS,11.5,22616.85,-1472.25,-1472.25,NIFTY
2024-04-15 10:31:00,ARTEMIS,12.38,22371.85,-594.75,-594.75,NIFTY
2024-04-22 10:31:00,ARTEMIS,13.08,22245.65,-338.0,-338.0,NIFTY
2024-04-29 10:31:00,ARTEMIS,12.19,22545.5,282.75,282.75,NIFTY
2024-05-06 10:31:00,ARTEMIS,15.93,22499.9,2543.125,2543.125,NIFTY
2024-05-08 10:30:00,ATHENA,17.37,22216.45,425.75,368.98333333333335,NIFTY
2024-05-15 10:30:00,ATHENA,20.61,22160.15,55.25,47.88333333333333,NIFTY
2024-05-22 10:30:00,ATHENA,21.74,22545.15,5037.5,4365.833333333333,NIFTY
2024-05-29 10:30:00,ATHENA,24.53,22737.1,-1745.25,-1512.55,NIFTY
2024-06-04 15:05:00,APOLLO,27.54,21756.6,-8190.0,-4258.8,NIFTY
2024-06-05 10:30:00,ATHENA,20.08,21968.85,12606.75,10925.85,NIFTY
2024-06-18 10:31:00,ARTEMIS,13.4,23543.3,-2122.25,-2122.25,NIFTY
2024-06-24 10:31:00,ARTEMIS,13.91,23447.05,1145.625,1145.625,NIFTY
2024-07-01 10:31:00,ARTEMIS,13.8,24081.25,-32.5,-32.5,NIFTY
2024-07-08 10:31:00,ARTEMIS,12.7,24319.4,-1511.25,-1511.25,NIFTY
2024-07-15 10:31:00,ARTEMIS,14.24,24553.9,1267.5,1267.5,NIFTY
2024-07-22 10:31:00,ARTEMIS,15.29,24566.65,1296.75,1296.75,NIFTY
2024-07-29 10:31:00,ARTEMIS,12.61,24903.5,2128.75,2128.75,NIFTY
2024-08-05 10:31:00,ARTEMIS,15.72,24278.35,3105.375,3105.375,NIFTY
2024-08-07 10:30:00,ATHENA,16.81,24313.45,-19.5,-16.900000000000002,NIFTY
2024-08-12 10:31:00,ARTEMIS,15.34,24293.4,-3958.5,-3958.5,NIFTY
2024-08-19 10:31:00,ARTEMIS,14.66,24574.8,451.75,451.75,NIFTY
2024-08-26 10:31:00,ARTEMIS,13.86,25000.4,2762.5,2762.5,NIFTY
2024-09-02 10:31:00,ARTEMIS,13.6,25295.55,-744.25,-744.25,NIFTY
2024-09-09 10:31:00,ARTEMIS,14.93,24842.85,-1423.5,-1423.5,NIFTY
2024-09-16 10:31:00,ARTEMIS,12.84,25405.3,-2769.0,-2769.0,NIFTY
2024-09-23 10:31:00,ARTEMIS,13.27,25891.6,-1075.75,-1075.75,NIFTY
2024-09-30 10:31:00,ARTEMIS,12.66,25981.95,1566.5,1566.5,NIFTY
2024-10-07 10:31:00,ARTEMIS,14.06,25025.45,-3989.375,-3989.375,NIFTY
2024-10-14 10:31:00,ARTEMIS,13.73,25095.9,575.25,575.25,NIFTY
2024-10-21 10:31:00,ARTEMIS,13.45,24808.05,1743.625,1743.625,NIFTY
2024-10-28 10:31:00,ARTEMIS,14.86,24384.5,-3272.75,-3272.75,NIFTY
2024-11-11 10:31:00,ARTEMIS,14.93,24225.15,2757.625,2757.625,NIFTY
2024-11-18 10:31:00,ARTEMIS,15.97,23409.95,-2850.25,-2850.25,NIFTY
2024-12-02 10:31:00,ARTEMIS,14.88,24161.8,2239.25,2239.25,NIFTY
2024-12-09 10:31:00,ARTEMIS,14.55,24613.6,2297.75,2297.75,NIFTY
2024-12-16 10:31:00,ARTEMIS,13.59,24661.7,1657.5,1657.5,NIFTY
2024-12-23 10:31:00,ARTEMIS,15.15,23763.25,2268.5,2268.5,NIFTY
2024-12-30 10:31:00,ARTEMIS,13.72,23802.15,-6183.125,-6183.125,NIFTY
2025-01-06 10:31:00,ARTEMIS,14.09,23961.45,2309.125,2309.125,NIFTY
2025-01-13 10:31:00,ARTEMIS,15.89,23319.2,2554.5,2554.5,NIFTY
2025-01-22 10:30:00,ATHENA,16.95,23107.7,5261.75,4560.183333333333,NIFTY
2025-01-29 10:30:00,ATHENA,18.83,23087.45,3529.5,3058.9,NIFTY
2025-02-03 10:31:00,ARTEMIS,15.05,23280.0,-2120.625,-2120.625,NIFTY
2025-02-10 10:31:00,ARTEMIS,14.51,23380.45,1092.0,1092.0,NIFTY
2025-02-24 10:31:00,ARTEMIS,15.38,22565.1,2544.75,2544.75,NIFTY
2025-03-03 10:31:00,ARTEMIS,14.05,22075.6,146.25,146.25,NIFTY
2025-03-10 10:31:00,ARTEMIS,14.04,22607.9,-4155.125,-4155.125,NIFTY
2025-03-17 10:31:00,ARTEMIS,13.98,22484.55,2689.375,2689.375,NIFTY
2025-03-24 10:31:00,ARTEMIS,13.17,23563.8,-3786.25,-3786.25,NIFTY
2025-04-01 10:31:00,ARTEMIS,13.56,23303.55,1397.5,1397.5,NIFTY
2025-04-08 10:30:00,ATHENA,20.23,22424.3,-8229.0,-7131.8,NIFTY
2025-04-21 10:31:00,ARTEMIS,15.69,24044.9,1901.25,1901.25,NIFTY
2025-04-29 10:30:00,ATHENA,17.43,24309.4,5970.25,5174.216666666667,NIFTY
2025-05-07 10:30:00,ATHENA,19.21,24340.85,-2830.75,-2453.3166666666666,NIFTY
2025-05-14 10:30:00,ATHENA,17.3,24731.85,6714.5,5819.233333333334,NIFTY
2025-05-21 10:30:00,ATHENA,17.69,24899.5,5369.0,4653.133333333333,NIFTY
2025-05-28 10:30:00,ATHENA,18.62,24749.55,1231.75,1067.5166666666667,NIFTY
2025-06-09 10:31:00,ARTEMIS,15.02,25123.6,2772.25,2772.25,NIFTY
2025-06-16 10:31:00,ARTEMIS,14.88,24837.9,2288.0,2288.0,NIFTY
2025-06-23 10:31:00,ARTEMIS,14.11,24895.45,92.625,92.625,NIFTY
2025-06-30 10:31:00,ARTEMIS,12.79,25555.95,2587.0,2587.0,NIFTY
2025-07-07 10:31:00,ARTEMIS,12.6,25436.25,2671.5,2671.5,NIFTY
2025-07-14 10:31:00,ARTEMIS,12.26,25100.3,2385.5,2385.5,NIFTY
2025-07-21 10:31:00,ARTEMIS,11.63,25051.1,3142.75,3142.75,NIFTY
2025-07-28 10:31:00,ARTEMIS,12.01,24882.7,-440.375,-440.375,NIFTY
2025-08-04 10:31:00,ARTEMIS,12.44,24629.8,1781.0,1781.0,NIFTY
2025-08-11 10:31:00,ARTEMIS,12.63,24438.2,-2127.125,-2127.125,NIFTY
2025-08-18 10:31:00,ARTEMIS,12.78,24987.05,3025.75,3025.75,NIFTY
2025-08-25 10:31:00,ARTEMIS,11.97,24917.3,991.25,991.25,NIFTY
2025-09-01 10:31:00,ARTEMIS,11.87,80117.82,-2096.5,-2096.5,SENSEX
2025-09-08 10:31:00,ARTEMIS,10.94,80817.84,892.0,892.0,SENSEX
2025-09-15 10:31:00,ARTEMIS,10.45,81880.64,2878.5,2878.5,SENSEX
2025-09-22 10:31:00,ARTEMIS,10.44,82537.05,6280.5,6280.5,SENSEX
2025-09-29 10:31:00,ARTEMIS,11.5,80773.37,5083.0,5083.0,SENSEX
2025-10-06 10:31:00,ARTEMIS,10.48,81438.19,2384.0,2384.0,SENSEX
2025-10-13 10:31:00,ARTEMIS,10.94,82276.21,-3336.0,-3336.0,SENSEX
2025-10-20 10:31:00,ARTEMIS,11.33,84349.75,-1020.0,-1020.0,SENSEX
2025-10-27 10:31:00,ARTEMIS,11.97,84804.75,3158.0,3158.0,SENSEX
2025-11-03 10:31:00,ARTEMIS,12.65,83869.86,2120.0,2120.0,SENSEX
2025-11-10 10:31:00,ARTEMIS,12.71,83626.84,-462.0,-462.0,SENSEX
2025-11-17 10:31:00,ARTEMIS,12.23,84713.13,2312.0,2312.0,SENSEX
2025-11-24 10:31:00,ARTEMIS,13.02,85404.97,-172.5,-172.5,SENSEX
2025-12-01 10:31:00,ARTEMIS,11.18,85973.01,5861.5,5861.5,SENSEX
2025-12-08 10:31:00,ARTEMIS,10.65,85472.84,5878.0,5878.0,SENSEX
2025-12-15 10:31:00,ARTEMIS,10.36,85077.91,2585.0,2585.0,SENSEX
2025-12-22 10:31:00,ARTEMIS,9.78,85375.35,2817.0,2817.0,SENSEX
2025-12-29 10:31:00,ARTEMIS,9.64,84949.51,729.5,729.5,SENSEX
2026-01-05 10:31:00,ARTEMIS,10.13,85802.73,4758.5,4758.5,SENSEX
2026-01-12 10:31:00,ARTEMIS,11.53,83204.83,2574.0,2574.0,SENSEX
2026-01-19 10:31:00,ARTEMIS,11.83,82969.02,1125.5,1125.5,SENSEX
2026-01-27 10:31:00,ARTEMIS,14.83,81725.07,3342.0,3342.0,SENSEX
2026-02-02 10:31:00,ARTEMIS,15.38,80883.83,-7914.0,-7914.0,SENSEX
2026-02-09 10:31:00,ARTEMIS,12.14,83921.25,3075.0,3075.0,SENSEX
2026-02-16 10:31:00,ARTEMIS,13.5,82773.05,-17.0,-17.0,SENSEX
2026-02-23 10:31:00,ARTEMIS,14.32,83245.15,289.5,289.5,SENSEX
2026-03-02 10:31:00,ARTEMIS,15.03,80231.27,-1319.0,-1319.0,SENSEX
2026-03-09 10:30:00,ATHENA,24.18,23778.9,-565.5,-490.1,NIFTY
2026-03-16 10:30:00,ATHENA,22.06,23057.35,6275.75,5438.983333333334,NIFTY
2026-03-23 14:35:00,APOLLO,26.65,22524.8,-2973.75,-1546.3500000000001,NIFTY
2026-04-10 10:30:00,ATHENA,18.95,24019.95,1485.25,1287.2166666666667,NIFTY
