expiry_date,start_date,end_date,download_status
2019-05-09T07:00:00.000Z,2019-02-08T09:15:00.000Z,2019-05-09T15:30:00.000Z,True
2019-05-16T07:00:00.000Z,2019-02-15T09:15:00.000Z,2019-05-16T15:30:00.000Z,True
2019-05-23T07:00:00.000Z,2019-02-22T09:15:00.000Z,2019-05-23T15:30:00.000Z,True
2019-05-30T07:00:00.000Z,2019-03-01T09:15:00.000Z,2019-05-30T15:30:00.000Z,True
2019-06-06T07:00:00.000Z,2019-03-08T09:15:00.000Z,2019-06-06T15:30:00.000Z,True
2019-06-13T07:00:00.000Z,2019-03-15T09:15:00.000Z,2019-06-13T15:30:00.000Z,True
2019-06-20T07:00:00.000Z,2019-03-22T09:15:00.000Z,2019-06-20T15:30:00.000Z,True
2019-06-27T07:00:00.000Z,2019-03-29T09:15:00.000Z,2019-06-27T15:30:00.000Z,True
2019-07-04T07:00:00.000Z,2019-04-05T09:15:00.000Z,2019-07-04T15:30:00.000Z,True
2019-07-11T07:00:00.000Z,2019-04-12T09:15:00.000Z,2019-07-11T15:30:00.000Z,True
2019-07-18T07:00:00.000Z,2019-04-19T09:15:00.000Z,2019-07-18T15:30:00.000Z,True
2019-07-25T07:00:00.000Z,2019-04-26T09:15:00.000Z,2019-07-25T15:30:00.000Z,True
2019-08-01T07:00:00.000Z,2019-05-03T09:15:00.000Z,2019-08-01T15:30:00.000Z,True
2019-08-08T07:00:00.000Z,2019-05-10T09:15:00.000Z,2019-08-08T15:30:00.000Z,True
2019-08-14T07:00:00.000Z,2019-05-17T09:15:00.000Z,2019-08-14T15:30:00.000Z,True
2019-08-22T07:00:00.000Z,2019-05-24T09:15:00.000Z,2019-08-22T15:30:00.000Z,True
2019-08-29T07:00:00.000Z,2019-05-31T09:15:00.000Z,2019-08-29T15:30:00.000Z,True
2019-09-05T07:00:00.000Z,2019-06-07T09:15:00.000Z,2019-09-05T15:30:00.000Z,True
2019-09-12T07:00:00.000Z,2019-06-14T09:15:00.000Z,2019-09-12T15:30:00.000Z,True
2019-09-19T07:00:00.000Z,2019-06-21T09:15:00.000Z,2019-09-19T15:30:00.000Z,True
2019-09-26T07:00:00.000Z,2019-06-28T09:15:00.000Z,2019-09-26T15:30:00.000Z,True
2019-10-03T07:00:00.000Z,2019-07-05T09:15:00.000Z,2019-10-03T15:30:00.000Z,True
2019-10-10T07:00:00.000Z,2019-07-12T09:15:00.000Z,2019-10-10T15:30:00.000Z,True
2019-10-17T07:00:00.000Z,2019-07-19T09:15:00.000Z,2019-10-17T15:30:00.000Z,True
2019-10-24T07:00:00.000Z,2019-07-26T09:15:00.000Z,2019-10-24T15:30:00.000Z,True
2019-10-31T07:00:00.000Z,2019-08-02T09:15:00.000Z,2019-10-31T15:30:00.000Z,True
2019-11-07T07:00:00.000Z,2019-08-09T09:15:00.000Z,2019-11-07T15:30:00.000Z,True
2019-11-14T07:00:00.000Z,2019-08-16T09:15:00.000Z,2019-11-14T15:30:00.000Z,True
2019-11-21T07:00:00.000Z,2019-08-23T09:15:00.000Z,2019-11-21T15:30:00.000Z,True
2019-11-28T07:00:00.000Z,2019-08-30T09:15:00.000Z,2019-11-28T15:30:00.000Z,True
2019-12-05T07:00:00.000Z,2019-09-06T09:15:00.000Z,2019-12-05T15:30:00.000Z,True
2019-12-12T07:00:00.000Z,2019-09-13T09:15:00.000Z,2019-12-12T15:30:00.000Z,True
2019-12-19T07:00:00.000Z,2019-09-20T09:15:00.000Z,2019-12-19T15:30:00.000Z,True
2019-12-26T07:00:00.000Z,2019-09-27T09:15:00.000Z,2019-12-26T15:30:00.000Z,True
2020-01-02T07:00:00.000Z,2019-10-04T09:15:00.000Z,2020-01-02T15:30:00.000Z,True
2020-01-09T07:00:00.000Z,2019-10-11T09:15:00.000Z,2020-01-09T15:30:00.000Z,True
2020-01-16T07:00:00.000Z,2019-10-18T09:15:00.000Z,2020-01-16T15:30:00.000Z,True
2020-01-23T07:00:00.000Z,2019-10-25T09:15:00.000Z,2020-01-23T15:30:00.000Z,True
2020-01-30T07:00:00.000Z,2019-11-01T09:15:00.000Z,2020-01-30T15:30:00.000Z,True
2020-02-06T07:00:00.000Z,2019-11-08T09:15:00.000Z,2020-02-06T15:30:00.000Z,True
2020-02-13T07:00:00.000Z,2019-11-15T09:15:00.000Z,2020-02-13T15:30:00.000Z,True
2020-02-20T07:00:00.000Z,2019-11-22T09:15:00.000Z,2020-02-20T15:30:00.000Z,True
2020-02-27T07:00:00.000Z,2019-11-29T09:15:00.000Z,2020-02-27T15:30:00.000Z,True
2020-03-05T07:00:00.000Z,2019-12-06T09:15:00.000Z,2020-03-05T15:30:00.000Z,True
2020-03-12T07:00:00.000Z,2019-12-13T09:15:00.000Z,2020-03-12T15:30:00.000Z,True
2020-03-19T07:00:00.000Z,2019-12-20T09:15:00.000Z,2020-03-19T15:30:00.000Z,True
2020-03-26T07:00:00.000Z,2019-12-27T09:15:00.000Z,2020-03-26T15:30:00.000Z,True
2020-04-01T07:00:00.000Z,2020-01-03T09:15:00.000Z,2020-04-01T15:30:00.000Z,True
2020-04-09T07:00:00.000Z,2020-01-10T09:15:00.000Z,2020-04-09T15:30:00.000Z,True
2020-04-16T07:00:00.000Z,2020-01-17T09:15:00.000Z,2020-04-16T15:30:00.000Z,True
2020-04-23T07:00:00.000Z,2020-01-24T09:15:00.000Z,2020-04-23T15:30:00.000Z,True
2020-04-30T07:00:00.000Z,2020-01-31T09:15:00.000Z,2020-04-30T15:30:00.000Z,True
2020-05-07T07:00:00.000Z,2020-02-07T09:15:00.000Z,2020-05-07T15:30:00.000Z,True
2020-05-14T07:00:00.000Z,2020-02-14T09:15:00.000Z,2020-05-14T15:30:00.000Z,True
2020-05-21T07:00:00.000Z,2020-02-21T09:15:00.000Z,2020-05-21T15:30:00.000Z,True
2020-05-28T07:00:00.000Z,2020-02-28T09:15:00.000Z,2020-05-28T15:30:00.000Z,True
2020-06-04T07:00:00.000Z,2020-03-06T09:15:00.000Z,2020-06-04T15:30:00.000Z,True
2020-06-11T07:00:00.000Z,2020-03-13T09:15:00.000Z,2020-06-11T15:30:00.000Z,True
2020-06-18T07:00:00.000Z,2020-03-20T09:15:00.000Z,2020-06-18T15:30:00.000Z,True
2020-06-25T07:00:00.000Z,2020-03-27T09:15:00.000Z,2020-06-25T15:30:00.000Z,True
2020-07-02T07:00:00.000Z,2020-04-03T09:15:00.000Z,2020-07-02T15:30:00.000Z,True
2020-07-09T07:00:00.000Z,2020-04-10T09:15:00.000Z,2020-07-09T15:30:00.000Z,True
2020-07-16T07:00:00.000Z,2020-04-17T09:15:00.000Z,2020-07-16T15:30:00.000Z,True
2020-07-23T07:00:00.000Z,2020-04-24T09:15:00.000Z,2020-07-23T15:30:00.000Z,True
2020-07-30T07:00:00.000Z,2020-05-01T09:15:00.000Z,2020-07-30T15:30:00.000Z,True
2020-08-06T07:00:00.000Z,2020-05-08T09:15:00.000Z,2020-08-06T15:30:00.000Z,True
2020-08-13T07:00:00.000Z,2020-05-15T09:15:00.000Z,2020-08-13T15:30:00.000Z,True
2020-08-20T07:00:00.000Z,2020-05-22T09:15:00.000Z,2020-08-20T15:30:00.000Z,True
2020-08-27T07:00:00.000Z,2020-05-29T09:15:00.000Z,2020-08-27T15:30:00.000Z,True
2020-09-03T07:00:00.000Z,2020-06-05T09:15:00.000Z,2020-09-03T15:30:00.000Z,True
2020-09-10T07:00:00.000Z,2020-06-12T09:15:00.000Z,2020-09-10T15:30:00.000Z,True
2020-09-17T07:00:00.000Z,2020-06-19T09:15:00.000Z,2020-09-17T15:30:00.000Z,True
2020-09-24T07:00:00.000Z,2020-06-26T09:15:00.000Z,2020-09-24T15:30:00.000Z,True
2020-10-01T07:00:00.000Z,2020-07-03T09:15:00.000Z,2020-10-01T15:30:00.000Z,True
2020-10-08T07:00:00.000Z,2020-07-10T09:15:00.000Z,2020-10-08T15:30:00.000Z,True
2020-10-15T07:00:00.000Z,2020-07-17T09:15:00.000Z,2020-10-15T15:30:00.000Z,True
2020-10-22T07:00:00.000Z,2020-07-24T09:15:00.000Z,2020-10-22T15:30:00.000Z,True
2020-10-29T07:00:00.000Z,2020-07-31T09:15:00.000Z,2020-10-29T15:30:00.000Z,True
2020-11-05T07:00:00.000Z,2020-08-07T09:15:00.000Z,2020-11-05T15:30:00.000Z,True
2020-11-12T07:00:00.000Z,2020-08-14T09:15:00.000Z,2020-11-12T15:30:00.000Z,True
2020-11-19T07:00:00.000Z,2020-08-21T09:15:00.000Z,2020-11-19T15:30:00.000Z,True
2020-11-26T07:00:00.000Z,2020-08-28T09:15:00.000Z,2020-11-26T15:30:00.000Z,True
2020-12-03T07:00:00.000Z,2020-09-04T09:15:00.000Z,2020-12-03T15:30:00.000Z,True
2020-12-10T07:00:00.000Z,2020-09-11T09:15:00.000Z,2020-12-10T15:30:00.000Z,True
2020-12-17T07:00:00.000Z,2020-09-18T09:15:00.000Z,2020-12-17T15:30:00.000Z,True
2020-12-24T07:00:00.000Z,2020-09-25T09:15:00.000Z,2020-12-24T15:30:00.000Z,True
2020-12-31T07:00:00.000Z,2020-10-02T09:15:00.000Z,2020-12-31T15:30:00.000Z,True
2021-01-07T07:00:00.000Z,2020-10-09T09:15:00.000Z,2021-01-07T15:30:00.000Z,True
2021-01-14T07:00:00.000Z,2020-10-16T09:15:00.000Z,2021-01-14T15:30:00.000Z,True
2021-01-21T07:00:00.000Z,2020-10-23T09:15:00.000Z,2021-01-21T15:30:00.000Z,True
2021-01-28T07:00:00.000Z,2020-10-30T09:15:00.000Z,2021-01-28T15:30:00.000Z,True
2021-02-04T07:00:00.000Z,2020-11-06T09:15:00.000Z,2021-02-04T15:30:00.000Z,True
2021-02-11T07:00:00.000Z,2020-11-13T09:15:00.000Z,2021-02-11T15:30:00.000Z,True
2021-02-18T07:00:00.000Z,2020-11-20T09:15:00.000Z,2021-02-18T15:30:00.000Z,True
2021-02-25T07:00:00.000Z,2020-11-27T09:15:00.000Z,2021-02-25T15:30:00.000Z,True
2021-03-04T07:00:00.000Z,2020-12-04T09:15:00.000Z,2021-03-04T15:30:00.000Z,True
2021-03-10T07:00:00.000Z,2020-12-11T09:15:00.000Z,2021-03-10T15:30:00.000Z,True
2021-03-18T07:00:00.000Z,2020-12-18T09:15:00.000Z,2021-03-18T15:30:00.000Z,True
2021-03-25T07:00:00.000Z,2020-12-25T09:15:00.000Z,2021-03-25T15:30:00.000Z,True
2021-04-01T07:00:00.000Z,2021-01-01T09:15:00.000Z,2021-04-01T15:30:00.000Z,True
2021-04-08T07:00:00.000Z,2021-01-08T09:15:00.000Z,2021-04-08T15:30:00.000Z,True
2021-04-15T07:00:00.000Z,2021-01-15T09:15:00.000Z,2021-04-15T15:30:00.000Z,True
2021-04-22T07:00:00.000Z,2021-01-22T09:15:00.000Z,2021-04-22T15:30:00.000Z,True
2021-04-29T07:00:00.000Z,2021-01-29T09:15:00.000Z,2021-04-29T15:30:00.000Z,True
2021-05-06T07:00:00.000Z,2021-02-05T09:15:00.000Z,2021-05-06T15:30:00.000Z,True
2021-05-12T07:00:00.000Z,2021-02-12T09:15:00.000Z,2021-05-12T15:30:00.000Z,True
2021-05-20T07:00:00.000Z,2021-02-19T09:15:00.000Z,2021-05-20T15:30:00.000Z,True
2021-05-27T07:00:00.000Z,2021-02-26T09:15:00.000Z,2021-05-27T15:30:00.000Z,True
2021-06-03T07:00:00.000Z,2021-03-05T09:15:00.000Z,2021-06-03T15:30:00.000Z,True
2021-06-10T07:00:00.000Z,2021-03-12T09:15:00.000Z,2021-06-10T15:30:00.000Z,True
2021-06-17T07:00:00.000Z,2021-03-19T09:15:00.000Z,2021-06-17T15:30:00.000Z,True
2021-06-24T07:00:00.000Z,2021-03-26T09:15:00.000Z,2021-06-24T15:30:00.000Z,True
2021-07-01T07:00:00.000Z,2021-04-02T09:15:00.000Z,2021-07-01T15:30:00.000Z,True
2021-07-08T07:00:00.000Z,2021-04-09T09:15:00.000Z,2021-07-08T15:30:00.000Z,True
2021-07-15T07:00:00.000Z,2021-04-16T09:15:00.000Z,2021-07-15T15:30:00.000Z,True
2021-07-22T07:00:00.000Z,2021-04-23T09:15:00.000Z,2021-07-22T15:30:00.000Z,True
2021-07-29T07:00:00.000Z,2021-04-30T09:15:00.000Z,2021-07-29T15:30:00.000Z,True
2021-08-05T07:00:00.000Z,2021-05-07T09:15:00.000Z,2021-08-05T15:30:00.000Z,True
2021-08-12T07:00:00.000Z,2021-05-14T09:15:00.000Z,2021-08-12T15:30:00.000Z,True
2021-08-18T07:00:00.000Z,2021-05-21T09:15:00.000Z,2021-08-18T15:30:00.000Z,True
2021-08-26T07:00:00.000Z,2021-05-28T09:15:00.000Z,2021-08-26T15:30:00.000Z,True
2021-09-02T07:00:00.000Z,2021-06-04T09:15:00.000Z,2021-09-02T15:30:00.000Z,True
2021-09-09T07:00:00.000Z,2021-06-11T09:15:00.000Z,2021-09-09T15:30:00.000Z,True
2021-09-16T07:00:00.000Z,2021-06-18T09:15:00.000Z,2021-09-16T15:30:00.000Z,True
2021-09-23T07:00:00.000Z,2021-06-25T09:15:00.000Z,2021-09-23T15:30:00.000Z,True
2021-09-30T07:00:00.000Z,2021-07-02T09:15:00.000Z,2021-09-30T15:30:00.000Z,True
2021-10-07T07:00:00.000Z,2021-07-09T09:15:00.000Z,2021-10-07T15:30:00.000Z,True
2021-10-14T07:00:00.000Z,2021-07-16T09:15:00.000Z,2021-10-14T15:30:00.000Z,True
2021-10-21T07:00:00.000Z,2021-07-23T09:15:00.000Z,2021-10-21T15:30:00.000Z,True
2021-10-28T07:00:00.000Z,2021-07-30T09:15:00.000Z,2021-10-28T15:30:00.000Z,True
2021-11-03T07:00:00.000Z,2021-08-06T09:15:00.000Z,2021-11-03T15:30:00.000Z,True
2021-11-11T07:00:00.000Z,2021-08-13T09:15:00.000Z,2021-11-11T15:30:00.000Z,True
2021-11-18T07:00:00.000Z,2021-08-20T09:15:00.000Z,2021-11-18T15:30:00.000Z,True
2021-11-25T07:00:00.000Z,2021-08-27T09:15:00.000Z,2021-11-25T15:30:00.000Z,True
2021-12-02T07:00:00.000Z,2021-09-03T09:15:00.000Z,2021-12-02T15:30:00.000Z,True
2021-12-09T07:00:00.000Z,2021-09-10T09:15:00.000Z,2021-12-09T15:30:00.000Z,True
2021-12-16T07:00:00.000Z,2021-09-17T09:15:00.000Z,2021-12-16T15:30:00.000Z,True
2021-12-23T07:00:00.000Z,2021-09-24T09:15:00.000Z,2021-12-23T15:30:00.000Z,True
2021-12-30T07:00:00.000Z,2021-10-01T09:15:00.000Z,2021-12-30T15:30:00.000Z,True
2022-01-06T07:00:00.000Z,2021-10-08T09:15:00.000Z,2022-01-06T15:30:00.000Z,True
2022-01-13T07:00:00.000Z,2021-10-15T09:15:00.000Z,2022-01-13T15:30:00.000Z,True
2022-01-20T07:00:00.000Z,2021-10-22T09:15:00.000Z,2022-01-20T15:30:00.000Z,True
2022-01-27T07:00:00.000Z,2021-10-29T09:15:00.000Z,2022-01-27T15:30:00.000Z,True
2022-02-03T07:00:00.000Z,2021-11-05T09:15:00.000Z,2022-02-03T15:30:00.000Z,True
2022-02-10T07:00:00.000Z,2021-11-12T09:15:00.000Z,2022-02-10T15:30:00.000Z,True
2022-02-17T07:00:00.000Z,2021-11-19T09:15:00.000Z,2022-02-17T15:30:00.000Z,True
2022-02-24T07:00:00.000Z,2021-11-26T09:15:00.000Z,2022-02-24T15:30:00.000Z,True
2022-03-03T07:00:00.000Z,2021-12-03T09:15:00.000Z,2022-03-03T15:30:00.000Z,True
2022-03-10T07:00:00.000Z,2021-12-10T09:15:00.000Z,2022-03-10T15:30:00.000Z,True
2022-03-17T07:00:00.000Z,2021-12-17T09:15:00.000Z,2022-03-17T15:30:00.000Z,True
2022-03-24T07:00:00.000Z,2021-12-24T09:15:00.000Z,2022-03-24T15:30:00.000Z,True
2022-03-31T07:00:00.000Z,2021-12-31T09:15:00.000Z,2022-03-31T15:30:00.000Z,True
2022-04-07T07:00:00.000Z,2022-01-07T09:15:00.000Z,2022-04-07T15:30:00.000Z,True
2022-04-13T07:00:00.000Z,2022-01-14T09:15:00.000Z,2022-04-13T15:30:00.000Z,True
2022-04-21T07:00:00.000Z,2022-01-21T09:15:00.000Z,2022-04-21T15:30:00.000Z,True
2022-04-28T07:00:00.000Z,2022-01-28T09:15:00.000Z,2022-04-28T15:30:00.000Z,True
2022-05-05T07:00:00.000Z,2022-02-04T09:15:00.000Z,2022-05-05T15:30:00.000Z,True
2022-05-12T07:00:00.000Z,2022-02-11T09:15:00.000Z,2022-05-12T15:30:00.000Z,True
2022-05-19T07:00:00.000Z,2022-02-18T09:15:00.000Z,2022-05-19T15:30:00.000Z,True
2022-05-26T07:00:00.000Z,2022-02-25T09:15:00.000Z,2022-05-26T15:30:00.000Z,True
2022-06-02T07:00:00.000Z,2022-03-04T09:15:00.000Z,2022-06-02T15:30:00.000Z,True
2022-06-09T07:00:00.000Z,2022-03-11T09:15:00.000Z,2022-06-09T15:30:00.000Z,True
2022-06-16T07:00:00.000Z,2022-03-17T09:15:00.000Z,2022-06-16T15:30:00.000Z,True
2022-06-23T07:00:00.000Z,2022-03-24T09:15:00.000Z,2022-06-23T15:30:00.000Z,True
2022-06-30T07:00:00.000Z,2022-03-31T09:15:00.000Z,2022-06-30T15:30:00.000Z,True
2022-07-07T07:00:00.000Z,2022-04-07T09:15:00.000Z,2022-07-07T15:30:00.000Z,True
2022-07-14T07:00:00.000Z,2022-04-14T09:15:00.000Z,2022-07-14T15:30:00.000Z,True
2022-07-21T07:00:00.000Z,2022-04-21T09:15:00.000Z,2022-07-21T15:30:00.000Z,True
2022-07-28T07:00:00.000Z,2022-04-28T09:15:00.000Z,2022-07-28T15:30:00.000Z,True
2022-08-04T07:00:00.000Z,2022-05-04T09:15:00.000Z,2022-08-04T15:30:00.000Z,True
2022-08-11T07:00:00.000Z,2022-05-11T09:15:00.000Z,2022-08-11T15:30:00.000Z,True
2022-08-18T07:00:00.000Z,2022-05-18T09:15:00.000Z,2022-08-18T15:30:00.000Z,True
2022-08-25T07:00:00.000Z,2022-05-25T09:15:00.000Z,2022-08-25T15:30:00.000Z,True
2022-09-01T07:00:00.000Z,2022-06-01T09:15:00.000Z,2022-09-01T15:30:00.000Z,True
2022-09-08T07:00:00.000Z,2022-06-08T09:15:00.000Z,2022-09-08T15:30:00.000Z,True
2022-09-15T07:00:00.000Z,2022-06-15T09:15:00.000Z,2022-09-15T15:30:00.000Z,True
2022-09-22T07:00:00.000Z,2022-06-22T09:15:00.000Z,2022-09-22T15:30:00.000Z,True
2022-09-29T07:00:00.000Z,2022-06-29T09:15:00.000Z,2022-09-29T15:30:00.000Z,True
2022-10-06T07:00:00.000Z,2022-07-06T09:15:00.000Z,2022-10-06T15:30:00.000Z,True
2022-10-13T07:00:00.000Z,2022-07-13T09:15:00.000Z,2022-10-13T15:30:00.000Z,True
2022-10-20T07:00:00.000Z,2022-07-20T09:15:00.000Z,2022-10-20T15:30:00.000Z,True
2022-10-27T07:00:00.000Z,2022-07-27T09:15:00.000Z,2022-10-27T15:30:00.000Z,True
2022-11-03T07:00:00.000Z,2022-08-03T09:15:00.000Z,2022-11-03T15:30:00.000Z,True
2022-11-10T07:00:00.000Z,2022-08-10T09:15:00.000Z,2022-11-10T15:30:00.000Z,True
2022-11-17T07:00:00.000Z,2022-08-17T09:15:00.000Z,2022-11-17T15:30:00.000Z,True
2022-11-24T07:00:00.000Z,2022-08-24T09:15:00.000Z,2022-11-24T15:30:00.000Z,True
2022-12-01T07:00:00.000Z,2022-09-01T09:15:00.000Z,2022-12-01T15:30:00.000Z,True
2022-12-08T07:00:00.000Z,2022-09-08T09:15:00.000Z,2022-12-08T15:30:00.000Z,True
2022-12-15T07:00:00.000Z,2022-09-15T09:15:00.000Z,2022-12-15T15:30:00.000Z,True
2022-12-22T07:00:00.000Z,2022-09-22T09:15:00.000Z,2022-12-22T15:30:00.000Z,True
2022-12-29T07:00:00.000Z,2022-09-29T09:15:00.000Z,2022-12-29T15:30:00.000Z,True
2023-01-05T07:00:00.000Z,2022-10-05T09:15:00.000Z,2023-01-05T15:30:00.000Z,True
2023-01-12T07:00:00.000Z,2022-10-12T09:15:00.000Z,2023-01-12T15:30:00.000Z,True
2023-01-19T07:00:00.000Z,2022-10-19T09:15:00.000Z,2023-01-19T15:30:00.000Z,True
2023-01-25T07:00:00.000Z,2022-10-25T09:15:00.000Z,2023-01-25T15:30:00.000Z,True
2023-02-02T07:00:00.000Z,2022-11-02T09:15:00.000Z,2023-02-02T15:30:00.000Z,True
2023-02-09T07:00:00.000Z,2022-11-09T09:15:00.000Z,2023-02-09T15:30:00.000Z,True
2023-02-16T07:00:00.000Z,2022-11-16T09:15:00.000Z,2023-02-16T15:30:00.000Z,True
2023-02-23T07:00:00.000Z,2022-11-23T09:15:00.000Z,2023-02-23T15:30:00.000Z,True
2023-03-02T07:00:00.000Z,2022-12-02T09:15:00.000Z,2023-03-02T15:30:00.000Z,True
2023-03-09T07:00:00.000Z,2022-12-09T09:15:00.000Z,2023-03-09T15:30:00.000Z,True
2023-03-16T07:00:00.000Z,2022-12-16T09:15:00.000Z,2023-03-16T15:30:00.000Z,True
2023-03-23T07:00:00.000Z,2022-12-23T09:15:00.000Z,2023-03-23T15:30:00.000Z,True
2023-03-29T07:00:00.000Z,2022-12-29T09:15:00.000Z,2023-03-29T15:30:00.000Z,True
2023-04-06T07:00:00.000Z,2023-01-06T09:15:00.000Z,2023-04-06T15:30:00.000Z,True
2023-04-13T07:00:00.000Z,2023-01-13T09:15:00.000Z,2023-04-13T15:30:00.000Z,True
2023-04-20T07:00:00.000Z,2023-01-20T09:15:00.000Z,2023-04-20T15:30:00.000Z,True
2023-04-27T07:00:00.000Z,2023-01-27T09:15:00.000Z,2023-04-27T15:30:00.000Z,True
2023-05-04T07:00:00.000Z,2023-02-04T09:15:00.000Z,2023-05-04T15:30:00.000Z,True
2023-05-11T07:00:00.000Z,2023-02-11T09:15:00.000Z,2023-05-11T15:30:00.000Z,True
2023-05-18T07:00:00.000Z,2023-02-18T09:15:00.000Z,2023-05-18T15:30:00.000Z,True
2023-05-25T07:00:00.000Z,2023-02-25T09:15:00.000Z,2023-05-25T15:30:00.000Z,True
2023-06-01T07:00:00.000Z,2023-03-04T09:15:00.000Z,2023-06-01T15:30:00.000Z,True
2023-06-08T07:00:00.000Z,2023-03-11T09:15:00.000Z,2023-06-08T15:30:00.000Z,True
2023-06-15T07:00:00.000Z,2023-03-18T09:15:00.000Z,2023-06-15T15:30:00.000Z,True
2023-06-22T07:00:00.000Z,2023-03-25T09:15:00.000Z,2023-06-22T15:30:00.000Z,True
2023-06-28T07:00:00.000Z,2023-04-01T09:15:00.000Z,2023-06-28T15:30:00.000Z,True
2023-07-06T07:00:00.000Z,2023-04-08T09:15:00.000Z,2023-07-06T15:30:00.000Z,True
2023-07-13T07:00:00.000Z,2023-04-15T09:15:00.000Z,2023-07-13T15:30:00.000Z,True
2023-07-20T07:00:00.000Z,2023-04-22T09:15:00.000Z,2023-07-20T15:30:00.000Z,True
2023-07-27T07:00:00.000Z,2023-04-29T09:15:00.000Z,2023-07-27T15:30:00.000Z,True
2023-08-03T07:00:00.000Z,2023-05-06T09:15:00.000Z,2023-08-03T15:30:00.000Z,True
2023-08-10T07:00:00.000Z,2023-05-13T09:15:00.000Z,2023-08-10T15:30:00.000Z,True
2023-08-17T07:00:00.000Z,2023-05-20T09:15:00.000Z,2023-08-17T15:30:00.000Z,True
2023-08-24T07:00:00.000Z,2023-05-27T09:15:00.000Z,2023-08-24T15:30:00.000Z,True
2023-08-31T07:00:00.000Z,2023-06-03T09:15:00.000Z,2023-08-31T15:30:00.000Z,True
2023-09-07T07:00:00.000Z,2023-06-09T09:15:00.000Z,2023-09-07T15:30:00.000Z,True
2023-09-14T07:00:00.000Z,2023-06-16T09:15:00.000Z,2023-09-14T15:30:00.000Z,True
2023-09-21T07:00:00.000Z,2023-06-23T09:15:00.000Z,2023-09-21T15:30:00.000Z,True
2023-09-28T07:00:00.000Z,2023-07-01T09:15:00.000Z,2023-09-28T15:30:00.000Z,True
2023-10-05T07:00:00.000Z,2023-07-08T09:15:00.000Z,2023-10-05T15:30:00.000Z,True
2023-10-12T07:00:00.000Z,2023-07-15T09:15:00.000Z,2023-10-12T15:30:00.000Z,True
2023-10-19T07:00:00.000Z,2023-07-22T09:15:00.000Z,2023-10-19T15:30:00.000Z,True
2023-10-26T07:00:00.000Z,2023-07-29T09:15:00.000Z,2023-10-26T15:30:00.000Z,True
2023-11-02T07:00:00.000Z,2023-08-05T09:15:00.000Z,2023-11-02T15:30:00.000Z,True
2023-11-09T07:00:00.000Z,2023-08-12T09:15:00.000Z,2023-11-09T15:30:00.000Z,True
2023-11-16T07:00:00.000Z,2023-08-19T09:15:00.000Z,2023-11-16T15:30:00.000Z,True
2023-11-23T07:00:00.000Z,2023-08-26T09:15:00.000Z,2023-11-23T15:30:00.000Z,True
2023-11-30T07:00:00.000Z,2023-09-02T09:15:00.000Z,2023-11-30T15:30:00.000Z,True
2023-12-07T07:00:00.000Z,2023-09-09T09:15:00.000Z,2023-12-07T15:30:00.000Z,True
2023-12-14T07:00:00.000Z,2023-09-16T09:15:00.000Z,2023-12-14T15:30:00.000Z,True
2023-12-21T07:00:00.000Z,2023-09-23T09:15:00.000Z,2023-12-21T15:30:00.000Z,True
2023-12-28T07:00:00.000Z,2023-09-30T09:15:00.000Z,2023-12-28T15:30:00.000Z,True
2024-01-04T07:00:00.000Z,2023-10-07T09:15:00.000Z,2024-01-04T15:30:00.000Z,True
2024-01-11T07:00:00.000Z,2023-10-14T09:15:00.000Z,2024-01-11T15:30:00.000Z,True
2024-01-18T07:00:00.000Z,2023-10-21T09:15:00.000Z,2024-01-18T15:30:00.000Z,True
2024-01-25T07:00:00.000Z,2023-10-28T09:15:00.000Z,2024-01-25T15:30:00.000Z,True
2024-02-01T07:00:00.000Z,2023-11-04T09:15:00.000Z,2024-02-01T15:30:00.000Z,True
2024-02-08T07:00:00.000Z,2023-11-11T09:15:00.000Z,2024-02-08T15:30:00.000Z,True
2024-02-15T07:00:00.000Z,2023-11-18T09:15:00.000Z,2024-02-15T15:30:00.000Z,True
2024-02-22T07:00:00.000Z,2023-11-25T09:15:00.000Z,2024-02-22T15:30:00.000Z,True
2024-02-29T07:00:00.000Z,2023-12-02T09:15:00.000Z,2024-02-29T15:30:00.000Z,True
2024-03-07T07:00:00.000Z,2023-12-09T09:15:00.000Z,2024-03-07T15:30:00.000Z,True
2024-03-14T07:00:00.000Z,2023-12-16T09:15:00.000Z,2024-03-14T15:30:00.000Z,True
2024-03-21T07:00:00.000Z,2023-12-23T09:15:00.000Z,2024-03-21T15:30:00.000Z,True
2024-03-28T07:00:00.000Z,2023-12-30T09:15:00.000Z,2024-03-28T15:30:00.000Z,True
2024-04-04T07:00:00.000Z,2024-01-06T09:15:00.000Z,2024-04-04T15:30:00.000Z,True
2024-04-10T07:00:00.000Z,2024-01-13T09:15:00.000Z,2024-04-10T15:30:00.000Z,True
2024-04-18T07:00:00.000Z,2024-01-20T09:15:00.000Z,2024-04-18T15:30:00.000Z,True
2024-04-25T07:00:00.000Z,2024-01-27T09:15:00.000Z,2024-04-25T15:30:00.000Z,True
2024-05-02T07:00:00.000Z,2024-02-03T09:15:00.000Z,2024-05-02T15:30:00.000Z,True
2024-05-09T07:00:00.000Z,2024-02-10T09:15:00.000Z,2024-05-09T15:30:00.000Z,True
2024-05-16T07:00:00.000Z,2024-02-17T09:15:00.000Z,2024-05-16T15:30:00.000Z,True
2024-05-23T07:00:00.000Z,2024-02-24T09:15:00.000Z,2024-05-23T15:30:00.000Z,True
2024-05-30T07:00:00.000Z,2024-03-02T09:15:00.000Z,2024-05-30T15:30:00.000Z,True
2024-06-06T07:00:00.000Z,2024-03-09T09:15:00.000Z,2024-06-06T15:30:00.000Z,True
2024-06-13T07:00:00.000Z,2024-03-16T09:15:00.000Z,2024-06-13T15:30:00.000Z,True
2024-06-20T07:00:00.000Z,2024-03-23T09:15:00.000Z,2024-06-20T15:30:00.000Z,True
2024-06-27T07:00:00.000Z,2024-03-30T09:15:00.000Z,2024-06-27T15:30:00.000Z,True
2024-07-04T07:00:00.000Z,2024-04-06T09:15:00.000Z,2024-07-04T15:30:00.000Z,True
2024-07-11T07:00:00.000Z,2024-04-13T09:15:00.000Z,2024-07-11T15:30:00.000Z,True
2024-07-18T07:00:00.000Z,2024-04-20T09:15:00.000Z,2024-07-18T15:30:00.000Z,True
2024-07-25T07:00:00.000Z,2024-04-27T09:15:00.000Z,2024-07-25T15:30:00.000Z,True
2024-08-01T07:00:00.000Z,2024-05-04T09:15:00.000Z,2024-08-01T15:30:00.000Z,True
2024-08-08T07:00:00.000Z,2024-05-11T09:15:00.000Z,2024-08-08T15:30:00.000Z,True
2024-08-14T07:00:00.000Z,2024-05-18T09:15:00.000Z,2024-08-14T15:30:00.000Z,True
2024-08-22T07:00:00.000Z,2024-05-25T09:15:00.000Z,2024-08-22T15:30:00.000Z,True
2024-08-29T07:00:00.000Z,2024-06-01T09:15:00.000Z,2024-08-29T15:30:00.000Z,True
2024-09-05T07:00:00.000Z,2024-06-08T09:15:00.000Z,2024-09-05T15:30:00.000Z,True
2024-09-12T07:00:00.000Z,2024-06-15T09:15:00.000Z,2024-09-12T15:30:00.000Z,True
2024-09-19T07:00:00.000Z,2024-06-22T09:15:00.000Z,2024-09-19T15:30:00.000Z,True
2024-09-26T07:00:00.000Z,2024-06-29T09:15:00.000Z,2024-09-26T15:30:00.000Z,True
2024-10-03T07:00:00.000Z,2024-07-06T09:15:00.000Z,2024-10-03T15:30:00.000Z,True
2024-10-10T07:00:00.000Z,2024-07-13T09:15:00.000Z,2024-10-10T15:30:00.000Z,True
2024-10-17T07:00:00.000Z,2024-07-20T09:15:00.000Z,2024-10-17T15:30:00.000Z,True
2024-10-24T07:00:00.000Z,2024-07-27T09:15:00.000Z,2024-10-24T15:30:00.000Z,True
2024-10-31T07:00:00.000Z,2024-08-03T09:15:00.000Z,2024-10-31T15:30:00.000Z,True
2024-11-07T07:00:00.000Z,2024-08-10T09:15:00.000Z,2024-11-07T15:30:00.000Z,True
2024-11-14T07:00:00.000Z,2024-08-17T09:15:00.000Z,2024-11-14T15:30:00.000Z,True
2024-11-21T07:00:00.000Z,2024-08-24T09:15:00.000Z,2024-11-21T15:30:00.000Z,True
2024-11-28T07:00:00.000Z,2024-08-31T09:15:00.000Z,2024-11-28T15:30:00.000Z,True
2024-12-05T07:00:00.000Z,2024-09-07T09:15:00.000Z,2024-12-05T15:30:00.000Z,True
2024-12-12T07:00:00.000Z,2024-09-14T09:15:00.000Z,2024-12-12T15:30:00.000Z,True
2024-12-19T07:00:00.000Z,2024-09-21T09:15:00.000Z,2024-12-19T15:30:00.000Z,True
2024-12-26T07:00:00.000Z,2024-09-28T09:15:00.000Z,2024-12-26T15:30:00.000Z,True
2025-01-02T07:00:00.000Z,2024-10-05T09:15:00.000Z,2025-01-02T15:30:00.000Z,True
2025-01-09T07:00:00.000Z,2024-10-12T09:15:00.000Z,2025-01-09T15:30:00.000Z,True
2025-01-16T07:00:00.000Z,2024-10-19T09:15:00.000Z,2025-01-16T15:30:00.000Z,True
2025-01-23T07:00:00.000Z,2024-10-26T09:15:00.000Z,2025-01-23T15:30:00.000Z,True
2025-01-30T07:00:00.000Z,2024-11-02T09:15:00.000Z,2025-01-30T15:30:00.000Z,True
2025-02-06T07:00:00.000Z,2024-11-09T09:15:00.000Z,2025-02-06T15:30:00.000Z,True
2025-02-13T07:00:00.000Z,2024-11-16T09:15:00.000Z,2025-02-13T15:30:00.000Z,True
2025-02-20T07:00:00.000Z,2024-11-23T09:15:00.000Z,2025-02-20T15:30:00.000Z,True
2025-02-27T07:00:00.000Z,2024-11-30T09:15:00.000Z,2025-02-27T15:30:00.000Z,True
2025-03-06T07:00:00.000Z,2024-12-07T09:15:00.000Z,2025-03-06T15:30:00.000Z,True
2025-03-13T07:00:00.000Z,2024-12-14T09:15:00.000Z,2025-03-13T15:30:00.000Z,True
2025-03-20T07:00:00.000Z,2024-12-21T09:15:00.000Z,2025-03-20T15:30:00.000Z,True
2025-03-27T07:00:00.000Z,2024-12-28T09:15:00.000Z,2025-03-27T15:30:00.000Z,True
2025-04-03T07:00:00.000Z,2025-01-04T09:15:00.000Z,2025-04-03T15:30:00.000Z,True
2025-04-09T07:00:00.000Z,2025-01-11T09:15:00.000Z,2025-04-09T15:30:00.000Z,True
2025-04-17T07:00:00.000Z,2025-01-18T09:15:00.000Z,2025-04-17T15:30:00.000Z,True
2025-04-24T07:00:00.000Z,2025-01-25T09:15:00.000Z,2025-04-24T15:30:00.000Z,True
2025-04-30T07:00:00.000Z,2025-01-31T09:15:00.000Z,2025-04-30T15:30:00.000Z,True
2025-05-08T07:00:00.000Z,2025-02-08T09:15:00.000Z,2025-05-08T15:30:00.000Z,True
2025-05-15T07:00:00.000Z,2025-02-15T09:15:00.000Z,2025-05-15T15:30:00.000Z,True
2025-05-22T07:00:00.000Z,2025-02-22T09:15:00.000Z,2025-05-22T15:30:00.000Z,True
2025-05-29T07:00:00.000Z,2025-02-28T09:15:00.000Z,2025-05-29T15:30:00.000Z,True
2025-06-05T07:00:00.000Z,2025-03-05T09:15:00.000Z,2025-06-05T15:30:00.000Z,True
2025-06-12T07:00:00.000Z,2025-03-12T09:15:00.000Z,2025-06-12T15:30:00.000Z,True
2025-06-19T07:00:00.000Z,2025-03-19T09:15:00.000Z,2025-06-19T15:30:00.000Z,True
2025-06-26T07:00:00.000Z,2025-03-26T09:15:00.000Z,2025-06-26T15:30:00.000Z,True
2025-07-03T07:00:00.000Z,2025-04-03T09:15:00.000Z,2025-07-03T15:30:00.000Z,True
2025-07-10T07:00:00.000Z,2025-04-10T09:15:00.000Z,2025-07-10T15:30:00.000Z,True
2025-07-17T07:00:00.000Z,2025-04-17T09:15:00.000Z,2025-07-17T15:30:00.000Z,True
2025-07-24T07:00:00.000Z,2025-04-24T09:15:00.000Z,2025-07-24T15:30:00.000Z,True
2025-07-31T07:00:00.000Z,2025-04-30T09:15:00.000Z,2025-07-31T15:30:00.000Z,True
2025-08-07T07:00:00.000Z,2025-05-07T09:15:00.000Z,2025-08-07T15:30:00.000Z,True
2025-08-14T07:00:00.000Z,2025-05-14T09:15:00.000Z,2025-08-14T15:30:00.000Z,True
2025-08-21T07:00:00.000Z,2025-05-21T09:15:00.000Z,2025-08-21T15:30:00.000Z,True
2025-08-28T07:00:00.000Z,2025-05-28T09:15:00.000Z,2025-08-28T15:30:00.000Z,True
2025-09-02T07:00:00.000Z,2025-06-02T09:15:00.000Z,2025-09-02T15:30:00.000Z,True
2025-09-09T07:00:00.000Z,2025-06-09T09:15:00.000Z,2025-09-09T15:30:00.000Z,True
2025-09-16T07:00:00.000Z,2025-06-16T09:15:00.000Z,2025-09-16T15:30:00.000Z,True
2025-09-23T07:00:00.000Z,2025-06-23T09:15:00.000Z,2025-09-23T15:30:00.000Z,True
2025-09-30T07:00:00.000Z,2025-06-30T09:15:00.000Z,2025-09-30T15:30:00.000Z,True
2025-10-07T07:00:00.000Z,2025-07-07T09:15:00.000Z,2025-10-07T15:30:00.000Z,True
2025-10-14T07:00:00.000Z,2025-07-14T09:15:00.000Z,2025-10-14T15:30:00.000Z,True
2025-10-20T07:00:00.000Z,2025-07-20T09:15:00.000Z,2025-10-20T15:30:00.000Z,True
2025-10-28T07:00:00.000Z,2025-07-28T09:15:00.000Z,2025-10-28T15:30:00.000Z,True
2025-11-04T07:00:00.000Z,2025-08-04T09:15:00.000Z,2025-11-04T15:30:00.000Z,True
2025-11-11T07:00:00.000Z,2025-08-11T09:15:00.000Z,2025-11-11T15:30:00.000Z,True
2025-11-18T07:00:00.000Z,2025-08-18T09:15:00.000Z,2025-11-18T15:30:00.000Z,True
2025-11-25T07:00:00.000Z,2025-08-25T09:15:00.000Z,2025-11-25T15:30:00.000Z,True
2025-12-02T07:00:00.000Z,2025-09-02T09:15:00.000Z,2025-12-02T15:30:00.000Z,True
2025-12-09T07:00:00.000Z,2025-09-09T09:15:00.000Z,2025-12-09T15:30:00.000Z,True
2025-12-16T07:00:00.000Z,2025-09-16T09:15:00.000Z,2025-12-16T15:30:00.000Z,True
2025-12-23T07:00:00.000Z,2025-09-23T09:15:00.000Z,2025-12-23T15:30:00.000Z,True
2025-12-30T07:00:00.000Z,2025-09-30T09:15:00.000Z,2025-12-30T15:30:00.000Z,True
2026-01-06T07:00:00.000Z,2025-10-06T09:15:00.000Z,2026-01-06T15:30:00.000Z,True
2026-01-13T07:00:00.000Z,2025-10-13T09:15:00.000Z,2026-01-13T15:30:00.000Z,True
2026-01-20T07:00:00.000Z,2025-10-20T09:15:00.000Z,2026-01-20T15:30:00.000Z,True
2026-01-27T07:00:00.000Z,2025-10-27T09:15:00.000Z,2026-01-27T15:30:00.000Z,True
2026-02-03T07:00:00.000Z,2025-11-03T09:15:00.000Z,2026-02-03T15:30:00.000Z,True
2026-02-10T07:00:00.000Z,2025-11-10T09:15:00.000Z,2026-02-10T15:30:00.000Z,True
2026-02-17T07:00:00.000Z,2025-11-17T09:15:00.000Z,2026-02-17T15:30:00.000Z,True
2026-02-24T07:00:00.000Z,2025-11-24T09:15:00.000Z,2026-02-24T15:30:00.000Z,True
2026-03-02T07:00:00.000Z,2025-12-02T09:15:00.000Z,2026-03-02T15:30:00.000Z,True
2026-03-10T07:00:00.000Z,2025-12-10T09:15:00.000Z,2026-03-10T15:30:00.000Z,True
2026-03-17T07:00:00.000Z,2025-12-17T09:15:00.000Z,2026-03-17T15:30:00.000Z,True
2026-03-24T07:00:00.000Z,2025-12-24T09:15:00.000Z,2026-03-24T15:30:00.000Z,True
2026-03-30T07:00:00.000Z,2025-12-30T09:15:00.000Z,2026-03-30T15:30:00.000Z,True
2026-04-07T07:00:00.000Z,2026-01-07T09:15:00.000Z,2026-04-07T15:30:00.000Z,True
2026-04-13T07:00:00.000Z,2026-01-13T09:15:00.000Z,2026-04-13T15:30:00.000Z,True
2026-04-21T07:00:00.000Z,2026-01-21T09:15:00.000Z,2026-04-21T15:30:00.000Z,True
2026-04-28T07:00:00.000Z,2026-01-28T09:15:00.000Z,2026-04-28T15:30:00.000Z,True
2026-05-05T07:00:00.000Z,2026-02-04T09:15:00.000Z,2026-05-05T15:30:00.000Z,False
2026-05-12T07:00:00.000Z,2026-02-11T09:15:00.000Z,2026-05-12T15:30:00.000Z,False
2026-05-19T07:00:00.000Z,2026-02-18T09:15:00.000Z,2026-05-19T15:30:00.000Z,False
2026-05-26T07:00:00.000Z,2026-02-25T09:15:00.000Z,2026-05-26T15:30:00.000Z,False
2026-06-02T07:00:00.000Z,2026-03-04T09:15:00.000Z,2026-06-02T15:30:00.000Z,False
2026-06-09T07:00:00.000Z,2026-03-11T09:15:00.000Z,2026-06-09T15:30:00.000Z,False
2026-06-16T07:00:00.000Z,2026-03-18T09:15:00.000Z,2026-06-16T15:30:00.000Z,False
2026-06-23T07:00:00.000Z,2026-03-25T09:15:00.000Z,2026-06-23T15:30:00.000Z,False
2026-06-30T07:00:00.000Z,2026-04-01T09:15:00.000Z,2026-06-30T15:30:00.000Z,False
2026-07-07T07:00:00.000Z,2026-04-08T09:15:00.000Z,2026-07-07T15:30:00.000Z,False
2026-07-14T07:00:00.000Z,2026-04-15T09:15:00.000Z,2026-07-14T15:30:00.000Z,False
2026-07-21T07:00:00.000Z,2026-04-22T09:15:00.000Z,2026-07-21T15:30:00.000Z,False
2026-07-28T07:00:00.000Z,2026-04-29T09:15:00.000Z,2026-07-28T15:30:00.000Z,False
2026-08-04T07:00:00.000Z,2026-05-06T09:15:00.000Z,2026-08-04T15:30:00.000Z,False
2026-08-11T07:00:00.000Z,2026-05-13T09:15:00.000Z,2026-08-11T15:30:00.000Z,False
2026-08-18T07:00:00.000Z,2026-05-20T09:15:00.000Z,2026-08-18T15:30:00.000Z,False
2026-08-25T07:00:00.000Z,2026-05-27T09:15:00.000Z,2026-08-25T15:30:00.000Z,False
2026-09-01T07:00:00.000Z,2026-06-03T09:15:00.000Z,2026-09-01T15:30:00.000Z,False
2026-09-08T07:00:00.000Z,2026-06-10T09:15:00.000Z,2026-09-08T15:30:00.000Z,False
2026-09-15T07:00:00.000Z,2026-06-17T09:15:00.000Z,2026-09-15T15:30:00.000Z,False
2026-09-22T07:00:00.000Z,2026-06-24T09:15:00.000Z,2026-09-22T15:30:00.000Z,False
2026-09-29T07:00:00.000Z,2026-07-01T09:15:00.000Z,2026-09-29T15:30:00.000Z,False
2026-10-06T07:00:00.000Z,2026-07-08T09:15:00.000Z,2026-10-06T15:30:00.000Z,False
2026-10-13T07:00:00.000Z,2026-07-15T09:15:00.000Z,2026-10-13T15:30:00.000Z,False
2026-10-19T07:00:00.000Z,2026-07-19T09:15:00.000Z,2026-10-19T15:30:00.000Z,False
2026-10-27T07:00:00.000Z,2026-07-29T09:15:00.000Z,2026-10-27T15:30:00.000Z,False
2026-11-03T07:00:00.000Z,2026-08-05T09:15:00.000Z,2026-11-03T15:30:00.000Z,False
2026-11-09T07:00:00.000Z,2026-08-09T09:15:00.000Z,2026-11-09T15:30:00.000Z,False
2026-11-17T07:00:00.000Z,2026-08-19T09:15:00.000Z,2026-11-17T15:30:00.000Z,False
2026-11-23T07:00:00.000Z,2026-08-23T09:15:00.000Z,2026-11-23T15:30:00.000Z,False
2026-12-01T07:00:00.000Z,2026-09-02T09:15:00.000Z,2026-12-01T15:30:00.000Z,False
2026-12-08T07:00:00.000Z,2026-09-09T09:15:00.000Z,2026-12-08T15:30:00.000Z,False
2026-12-15T07:00:00.000Z,2026-09-16T09:15:00.000Z,2026-12-15T15:30:00.000Z,False
2026-12-22T07:00:00.000Z,2026-09-23T09:15:00.000Z,2026-12-22T15:30:00.000Z,False
2026-12-29T07:00:00.000Z,2026-09-30T09:15:00.000Z,2026-12-29T15:30:00.000Z,False
2027-01-05T07:00:00.000Z,2026-10-07T09:15:00.000Z,2027-01-05T15:30:00.000Z,False
2027-01-12T07:00:00.000Z,2026-10-14T09:15:00.000Z,2027-01-12T15:30:00.000Z,False
2027-01-19T07:00:00.000Z,2026-10-21T09:15:00.000Z,2027-01-19T15:30:00.000Z,False
2027-01-26T07:00:00.000Z,2026-10-28T09:15:00.000Z,2027-01-26T15:30:00.000Z,False
2027-02-02T07:00:00.000Z,2026-11-04T09:15:00.000Z,2027-02-02T15:30:00.000Z,False
2027-02-09T07:00:00.000Z,2026-11-11T09:15:00.000Z,2027-02-09T15:30:00.000Z,False
2027-02-16T07:00:00.000Z,2026-11-18T09:15:00.000Z,2027-02-16T15:30:00.000Z,False
2027-02-23T07:00:00.000Z,2026-11-25T09:15:00.000Z,2027-02-23T15:30:00.000Z,False
2027-03-02T07:00:00.000Z,2026-12-02T09:15:00.000Z,2027-03-02T15:30:00.000Z,False
2027-03-09T07:00:00.000Z,2026-12-09T09:15:00.000Z,2027-03-09T15:30:00.000Z,False
2027-03-16T07:00:00.000Z,2026-12-16T09:15:00.000Z,2027-03-16T15:30:00.000Z,False
2027-03-23T07:00:00.000Z,2026-12-23T09:15:00.000Z,2027-03-23T15:30:00.000Z,False
2027-03-30T07:00:00.000Z,2026-12-30T09:15:00.000Z,2027-03-30T15:30:00.000Z,False
2027-04-06T07:00:00.000Z,2027-01-06T09:15:00.000Z,2027-04-06T15:30:00.000Z,False
2027-04-13T07:00:00.000Z,2027-01-13T09:15:00.000Z,2027-04-13T15:30:00.000Z,False
2027-04-20T07:00:00.000Z,2027-01-20T09:15:00.000Z,2027-04-20T15:30:00.000Z,False
2027-04-27T07:00:00.000Z,2027-01-27T09:15:00.000Z,2027-04-27T15:30:00.000Z,False
2027-05-04T07:00:00.000Z,2027-02-03T09:15:00.000Z,2027-05-04T15:30:00.000Z,False
2027-05-11T07:00:00.000Z,2027-02-10T09:15:00.000Z,2027-05-11T15:30:00.000Z,False
2027-05-18T07:00:00.000Z,2027-02-17T09:15:00.000Z,2027-05-18T15:30:00.000Z,False
2027-05-25T07:00:00.000Z,2027-02-24T09:15:00.000Z,2027-05-25T15:30:00.000Z,False
2027-06-01T07:00:00.000Z,2027-03-03T09:15:00.000Z,2027-06-01T15:30:00.000Z,False
2027-06-08T07:00:00.000Z,2027-03-10T09:15:00.000Z,2027-06-08T15:30:00.000Z,False
2027-06-15T07:00:00.000Z,2027-03-17T09:15:00.000Z,2027-06-15T15:30:00.000Z,False
2027-06-22T07:00:00.000Z,2027-03-24T09:15:00.000Z,2027-06-22T15:30:00.000Z,False
2027-06-29T07:00:00.000Z,2027-03-31T09:15:00.000Z,2027-06-29T15:30:00.000Z,False
2027-07-06T07:00:00.000Z,2027-04-07T09:15:00.000Z,2027-07-06T15:30:00.000Z,False
2027-07-13T07:00:00.000Z,2027-04-14T09:15:00.000Z,2027-07-13T15:30:00.000Z,False
2027-07-20T07:00:00.000Z,2027-04-21T09:15:00.000Z,2027-07-20T15:30:00.000Z,False
2027-07-27T07:00:00.000Z,2027-04-28T09:15:00.000Z,2027-07-27T15:30:00.000Z,False
2027-08-03T07:00:00.000Z,2027-05-05T09:15:00.000Z,2027-08-03T15:30:00.000Z,False
2027-08-10T07:00:00.000Z,2027-05-12T09:15:00.000Z,2027-08-10T15:30:00.000Z,False
2027-08-17T07:00:00.000Z,2027-05-19T09:15:00.000Z,2027-08-17T15:30:00.000Z,False
2027-08-24T07:00:00.000Z,2027-05-26T09:15:00.000Z,2027-08-24T15:30:00.000Z,False
2027-08-31T07:00:00.000Z,2027-06-02T09:15:00.000Z,2027-08-31T15:30:00.000Z,False
2027-09-07T07:00:00.000Z,2027-06-09T09:15:00.000Z,2027-09-07T15:30:00.000Z,False
2027-09-14T07:00:00.000Z,2027-06-16T09:15:00.000Z,2027-09-14T15:30:00.000Z,False
2027-09-21T07:00:00.000Z,2027-06-23T09:15:00.000Z,2027-09-21T15:30:00.000Z,False
2027-09-28T07:00:00.000Z,2027-06-30T09:15:00.000Z,2027-09-28T15:30:00.000Z,False
2027-10-05T07:00:00.000Z,2027-07-07T09:15:00.000Z,2027-10-05T15:30:00.000Z,False
2027-10-12T07:00:00.000Z,2027-07-14T09:15:00.000Z,2027-10-12T15:30:00.000Z,False
2027-10-19T07:00:00.000Z,2027-07-21T09:15:00.000Z,2027-10-19T15:30:00.000Z,False
2027-10-26T07:00:00.000Z,2027-07-28T09:15:00.000Z,2027-10-26T15:30:00.000Z,False
2027-11-02T07:00:00.000Z,2027-08-04T09:15:00.000Z,2027-11-02T15:30:00.000Z,False
2027-11-09T07:00:00.000Z,2027-08-11T09:15:00.000Z,2027-11-09T15:30:00.000Z,False
2027-11-16T07:00:00.000Z,2027-08-18T09:15:00.000Z,2027-11-16T15:30:00.000Z,False
2027-11-23T07:00:00.000Z,2027-08-25T09:15:00.000Z,2027-11-23T15:30:00.000Z,False
2027-11-30T07:00:00.000Z,2027-09-01T09:15:00.000Z,2027-11-30T15:30:00.000Z,False
2027-12-07T07:00:00.000Z,2027-09-08T09:15:00.000Z,2027-12-07T15:30:00.000Z,False
2027-12-14T07:00:00.000Z,2027-09-15T09:15:00.000Z,2027-12-14T15:30:00.000Z,False
2027-12-21T07:00:00.000Z,2027-09-22T09:15:00.000Z,2027-12-21T15:30:00.000Z,False
2027-12-28T07:00:00.000Z,2027-09-29T09:15:00.000Z,2027-12-28T15:30:00.000Z,False
2028-01-04T07:00:00.000Z,2027-10-06T09:15:00.000Z,2028-01-04T15:30:00.000Z,False
2028-01-11T07:00:00.000Z,2027-10-13T09:15:00.000Z,2028-01-11T15:30:00.000Z,False
2028-01-18T07:00:00.000Z,2027-10-20T09:15:00.000Z,2028-01-18T15:30:00.000Z,False
2028-01-25T07:00:00.000Z,2027-10-27T09:15:00.000Z,2028-01-25T15:30:00.000Z,False
2028-02-01T07:00:00.000Z,2027-11-03T09:15:00.000Z,2028-02-01T15:30:00.000Z,False
2028-02-08T07:00:00.000Z,2027-11-10T09:15:00.000Z,2028-02-08T15:30:00.000Z,False
2028-02-15T07:00:00.000Z,2027-11-17T09:15:00.000Z,2028-02-15T15:30:00.000Z,False
2028-02-22T07:00:00.000Z,2027-11-24T09:15:00.000Z,2028-02-22T15:30:00.000Z,False
2028-02-29T07:00:00.000Z,2027-12-01T09:15:00.000Z,2028-02-29T15:30:00.000Z,False
2028-03-07T07:00:00.000Z,2027-12-08T09:15:00.000Z,2028-03-07T15:30:00.000Z,False
