engine,k,n,corr_mfe,corr_u,partial_mfe,low_win,low_mean,high_win,high_mean,chop_n,chop_win,chop_mean,wrong_n,wrong_win,wrong_mean
Selene,15,2485,0.117,0.124,0.025,33.7,0.068,46.3,0.279,414,32.6,0.026,414,34.8,0.11
Selene,30,2481,0.172,0.242,-0.036,29.9,-0.073,48.9,0.419,414,31.6,0.024,413,28.1,-0.17
Selene,60,2421,0.299,0.357,0.063,27.6,-0.107,54.0,0.537,404,29.2,-0.024,403,26.1,-0.191
Selene,120,2216,0.41,0.445,0.087,26.0,-0.173,64.2,0.746,369,30.1,-0.045,369,22.0,-0.3
Selene,240,1744,0.562,0.611,0.011,28.9,-0.092,83.8,1.235,291,34.7,0.061,290,23.1,-0.245
Selene,480,1023,0.757,0.774,0.025,41.6,0.076,96.8,2.127,171,51.5,0.268,170,31.8,-0.117
Helios,15,1172,0.127,0.167,-0.012,35.6,0.167,44.9,0.236,195,35.4,0.213,195,35.9,0.122
Helios,30,1168,0.163,0.193,0.028,33.4,0.094,45.8,0.281,195,35.4,0.154,194,31.4,0.033
Helios,60,1160,0.326,0.361,0.072,31.1,0.047,47.9,0.386,193,33.2,0.058,193,29.0,0.036
Helios,120,1133,0.458,0.483,0.015,27.6,-0.011,55.7,0.519,189,30.2,0.057,188,25.0,-0.08
Helios,240,1017,0.492,0.535,-0.009,27.4,0.023,64.9,0.639,170,31.8,0.103,169,23.1,-0.058
Helios,480,791,0.555,0.595,-0.012,29.7,0.06,83.7,0.952,132,34.1,0.157,131,25.2,-0.037
Typhon,15,1356,0.201,0.258,-0.009,29.4,-0.084,40.5,0.361,226,33.2,0.069,226,25.7,-0.237
Typhon,30,1299,0.234,0.286,-0.01,26.8,-0.111,45.0,0.463,217,32.3,0.074,216,21.3,-0.296
Typhon,60,1184,0.279,0.357,-0.057,29.9,-0.041,48.7,0.592,197,34.0,0.133,197,25.9,-0.214
Typhon,120,993,0.356,0.419,-0.029,29.3,-0.038,62.5,0.971,166,35.5,0.137,165,23.0,-0.214
Typhon,240,746,0.505,0.574,-0.056,37.5,0.148,82.3,1.868,124,46.8,0.303,124,28.2,-0.006
Typhon,480,504,0.706,0.751,-0.013,52.4,0.273,98.8,2.904,84,65.5,0.426,84,39.3,0.12
"Prometheus (CRUDEOILM, Fyers history)",15,1859,0.196,0.258,0.001,31.5,-0.108,48.5,0.251,310,31.6,-0.035,309,31.4,-0.182
"Prometheus (CRUDEOILM, Fyers history)",30,1822,0.271,0.358,-0.022,29.8,-0.171,54.0,0.369,304,35.9,0.016,303,23.8,-0.358
"Prometheus (CRUDEOILM, Fyers history)",60,1725,0.338,0.414,-0.001,27.0,-0.202,62.1,0.535,288,30.9,-0.068,287,23.0,-0.337
"Prometheus (CRUDEOILM, Fyers history)",120,1481,0.421,0.499,0.031,28.8,-0.161,76.9,0.814,247,33.2,-0.033,246,24.4,-0.29
"Prometheus (CRUDEOILM, Fyers history)",240,1066,0.57,0.64,0.04,33.0,-0.089,94.9,1.249,178,37.6,0.053,177,28.2,-0.233
"Prometheus (CRUDEOILM, Fyers history)",480,512,0.678,0.722,0.046,57.1,0.238,98.2,1.611,85,68.2,0.432,85,45.9,0.045
"Prometheus (CRUDEOILM, Angel One 2026)",15,331,0.228,0.361,-0.079,33.6,-0.203,60.9,0.563,55,27.3,-0.254,55,40.0,-0.152
"Prometheus (CRUDEOILM, Angel One 2026)",30,319,0.32,0.424,-0.069,35.8,-0.165,70.8,0.788,53,41.5,-0.02,53,30.2,-0.31
"Prometheus (CRUDEOILM, Angel One 2026)",60,292,0.377,0.46,-0.05,34.0,-0.179,78.4,0.922,49,40.8,0.052,48,27.1,-0.415
"Prometheus (CRUDEOILM, Angel One 2026)",120,238,0.387,0.446,0.015,40.5,0.044,93.7,1.198,40,50.0,0.23,39,30.8,-0.147
"Prometheus (CRUDEOILM, Angel One 2026)",240,156,0.465,0.583,-0.031,48.1,0.434,98.1,1.59,26,46.2,0.489,26,50.0,0.38
"Prometheus (CRUDEOILM, Angel One 2026)",480,61,0.485,0.627,-0.214,80.0,0.896,100.0,2.131,10,90.0,1.398,10,70.0,0.394
Prometheus (CRUDEOIL cross-check),15,329,0.199,0.355,-0.074,36.7,-0.167,59.6,0.492,55,34.5,-0.228,54,38.9,-0.104
Prometheus (CRUDEOIL cross-check),30,316,0.297,0.384,-0.039,34.3,-0.146,73.3,0.859,53,37.7,-0.014,52,30.8,-0.28
Prometheus (CRUDEOIL cross-check),60,287,0.333,0.433,-0.065,36.8,-0.081,80.0,0.94,48,50.0,0.248,47,23.4,-0.418
Prometheus (CRUDEOIL cross-check),120,239,0.357,0.424,0.027,43.0,0.202,94.9,1.294,40,47.5,0.455,39,38.5,-0.057
Prometheus (CRUDEOIL cross-check),240,160,0.488,0.582,0.0,43.4,0.319,98.1,1.635,27,44.4,0.532,26,42.3,0.099
Prometheus (CRUDEOIL cross-check),480,64,0.463,0.646,-0.192,81.0,0.89,100.0,2.107,11,90.9,1.527,10,70.0,0.189
"Prometheus (CRUDEOILM, Fyers history, mult 2.0 reference)",15,2529,0.202,0.235,0.044,29.4,-0.109,45.8,0.311,422,33.6,0.044,421,25.2,-0.262
"Prometheus (CRUDEOILM, Fyers history, mult 2.0 reference)",30,2518,0.279,0.362,0.034,25.7,-0.187,52.6,0.436,420,28.6,-0.077,419,22.9,-0.298
"Prometheus (CRUDEOILM, Fyers history, mult 2.0 reference)",60,2370,0.351,0.429,0.027,25.8,-0.188,58.4,0.578,395,30.4,-0.027,395,21.3,-0.349
"Prometheus (CRUDEOILM, Fyers history, mult 2.0 reference)",120,1916,0.417,0.507,0.023,26.3,-0.161,73.2,0.865,319,30.1,-0.018,319,22.6,-0.304
"Prometheus (CRUDEOILM, Fyers history, mult 2.0 reference)",240,1232,0.56,0.653,-0.025,32.0,-0.051,92.9,1.464,205,39.0,0.127,205,24.9,-0.229
"Prometheus (CRUDEOILM, Fyers history, mult 2.0 reference)",480,479,0.726,0.77,0.027,65.4,0.45,99.4,2.369,80,81.2,0.673,79,49.4,0.225
"Prometheus (CRUDEOILM, Angel One 2026, mult 2.0 reference)",15,452,0.185,0.254,-0.029,36.7,-0.1,50.0,0.518,75,38.7,-0.012,75,34.7,-0.188
"Prometheus (CRUDEOILM, Angel One 2026, mult 2.0 reference)",30,446,0.284,0.403,-0.026,29.1,-0.272,57.4,0.79,74,32.4,0.037,74,25.7,-0.581
"Prometheus (CRUDEOILM, Angel One 2026, mult 2.0 reference)",60,436,0.373,0.443,0.037,27.6,-0.407,65.5,1.005,73,30.1,-0.157,72,25.0,-0.661
"Prometheus (CRUDEOILM, Angel One 2026, mult 2.0 reference)",120,373,0.394,0.501,0.041,29.0,-0.284,71.8,1.244,62,37.1,0.086,62,21.0,-0.654
"Prometheus (CRUDEOILM, Angel One 2026, mult 2.0 reference)",240,228,0.506,0.632,-0.061,35.5,0.019,96.1,1.978,38,47.4,0.399,38,23.7,-0.362
"Prometheus (CRUDEOILM, Angel One 2026, mult 2.0 reference)",480,74,0.636,0.728,-0.04,54.2,0.524,100.0,2.989,12,66.7,0.663,12,41.7,0.386
