engine,R,baseline,rule,triggered,held_mean,exit_mean,recovered_win_pct,n,total_pct,dd_pct,calmar_pct,win_pct,pre_total,pre_calmar,post_total,post_calmar
Selene,3.0,True,U<=0 @ 1000000000,0,,,,2487,322.8,-24.2,13.31,38.6,190.4,7.85,132.4,6.64
Selene,3.0,False,U<=0 @ 60,1239,-0.141,-0.225,27.8,2487,218.7,-24.3,9.0,24.7,116.5,4.79,102.2,8.05
Selene,3.0,False,MFE<0.3% @ 60,1621,-0.029,-0.115,32.4,2487,183.6,-19.8,9.26,38.2,80.9,4.24,102.7,5.18
Selene,3.0,False,MFE<0.75% @ 60,2189,0.051,-0.043,36.5,2487,117.9,-17.1,6.89,45.3,35.1,2.05,82.8,6.86
Selene,3.0,False,MFE<1.5% @ 60,2372,0.107,0.005,38.8,2487,82.5,-14.4,5.72,47.2,20.2,1.4,62.3,5.21
Selene,3.0,False,U<=0 @ 120,980,-0.231,-0.273,22.8,2487,281.5,-19.9,14.18,29.6,175.8,8.86,105.7,6.37
Selene,3.0,False,MFE<0.3% @ 120,1107,-0.097,-0.164,28.6,2487,249.2,-27.7,8.99,38.0,150.6,5.43,98.5,4.84
Selene,3.0,False,MFE<0.75% @ 120,1833,0.038,-0.034,36.7,2487,192.1,-19.8,9.68,46.8,100.0,5.04,92.1,5.83
Selene,3.0,False,MFE<1.5% @ 120,2113,0.131,0.047,41.2,2487,146.3,-16.0,9.12,49.3,58.1,3.75,88.2,5.5
Selene,3.0,False,U<=0 @ 240,579,-0.181,-0.277,22.6,2487,267.1,-21.5,12.44,33.3,154.6,7.2,112.6,5.73
Selene,3.0,False,MFE<0.3% @ 240,542,-0.089,-0.178,28.6,2487,274.6,-21.1,12.99,38.0,152.4,7.21,122.2,6.13
Selene,3.0,False,MFE<0.75% @ 240,1157,0.065,0.003,38.8,2487,250.2,-22.4,11.19,45.1,125.5,5.62,124.6,6.46
Selene,3.0,False,MFE<1.5% @ 240,1551,0.232,0.163,49.1,2487,215.9,-18.7,11.57,47.2,96.0,5.14,119.9,6.72
Helios,1.6,True,U<=0 @ 1000000000,0,,,,1174,184.2,-10.3,17.97,38.8,112.3,16.9,72.0,7.02
Helios,1.6,False,U<=0 @ 60,634,-0.012,-0.112,30.9,1174,120.9,-6.8,17.87,22.1,52.5,9.62,68.4,10.1
Helios,1.6,False,MFE<0.16% @ 60,816,0.067,-0.057,35.3,1174,83.1,-9.1,9.09,35.4,29.9,3.27,53.1,9.41
Helios,1.6,False,MFE<0.4% @ 60,1061,0.108,-0.027,37.6,1174,41.2,-12.9,3.19,41.7,-1.0,-0.08,42.2,12.38
Helios,1.6,False,MFE<0.8% @ 60,1136,0.136,-0.005,38.6,1174,23.5,-11.7,2.01,44.2,-0.7,-0.06,24.1,7.09
Helios,1.6,False,U<=0 @ 120,591,-0.071,-0.142,26.7,1174,142.5,-8.9,16.07,25.3,71.5,12.55,71.0,8.0
Helios,1.6,False,MFE<0.16% @ 120,653,0.008,-0.088,31.5,1174,121.6,-7.9,15.45,35.0,55.5,7.98,66.1,8.4
Helios,1.6,False,MFE<0.4% @ 120,980,0.078,-0.035,36.1,1174,73.2,-6.7,10.91,42.8,17.6,2.62,55.6,17.39
Helios,1.6,False,MFE<0.8% @ 120,1082,0.124,-0.005,38.4,1174,45.1,-9.8,4.6,45.4,6.9,0.7,38.2,10.6
Helios,1.6,False,U<=0 @ 240,461,-0.042,-0.17,24.5,1174,124.9,-8.5,14.66,29.1,62.9,9.83,62.0,7.28
Helios,1.6,False,MFE<0.16% @ 240,418,0.014,-0.117,28.0,1174,129.4,-10.1,12.85,36.1,62.1,6.93,67.3,6.68
Helios,1.6,False,MFE<0.4% @ 240,770,0.092,-0.038,36.9,1174,84.8,-11.5,7.35,43.3,30.0,2.6,54.8,6.68
Helios,1.6,False,MFE<0.8% @ 240,933,0.144,0.017,41.2,1174,65.8,-13.6,4.83,46.6,19.6,1.44,46.1,7.02
Typhon,0.8,True,U<=0 @ 1000000000,0,,,,1403,138.5,-20.6,6.72,33.1,139.0,6.81,-0.4,-0.02
Typhon,0.8,False,U<=0 @ 60,479,-0.203,-0.237,23.0,1403,122.3,-23.6,5.18,25.3,112.7,5.37,9.6,0.41
Typhon,0.8,False,MFE<0.08% @ 60,172,-0.148,-0.215,25.0,1403,126.9,-20.1,6.31,30.7,123.4,6.3,3.5,0.17
Typhon,0.8,False,MFE<0.2% @ 60,375,-0.065,-0.165,29.3,1403,100.9,-26.1,3.86,31.0,106.2,6.02,-5.3,-0.2
Typhon,0.8,False,MFE<0.4% @ 60,645,0.056,-0.086,32.9,1403,47.0,-27.9,1.69,36.1,60.4,2.76,-13.4,-0.48
Typhon,0.8,False,U<=0 @ 120,331,-0.215,-0.24,20.8,1403,130.2,-31.2,4.17,28.2,133.1,6.45,-2.9,-0.1
Typhon,0.8,False,MFE<0.08% @ 120,84,-0.194,-0.255,19.0,1403,133.4,-23.2,5.74,32.5,133.6,5.75,-0.2,-0.01
Typhon,0.8,False,MFE<0.2% @ 120,197,-0.153,-0.181,24.4,1403,133.0,-20.2,6.59,32.6,134.5,6.67,-1.5,-0.07
Typhon,0.8,False,MFE<0.4% @ 120,379,-0.001,-0.093,30.3,1403,103.6,-27.9,3.71,35.0,109.2,3.91,-5.6,-0.26
Typhon,0.8,False,U<=0 @ 240,168,-0.107,-0.274,26.2,1403,110.5,-20.0,5.51,30.0,112.1,5.61,-1.7,-0.08
Typhon,0.8,False,MFE<0.08% @ 240,26,-0.458,-0.373,7.7,1403,140.8,-20.6,6.83,33.0,140.9,6.9,-0.1,-0.0
Typhon,0.8,False,MFE<0.2% @ 240,80,-0.18,-0.208,23.8,1403,136.3,-20.4,6.68,32.9,137.5,6.74,-1.2,-0.06
Typhon,0.8,False,MFE<0.4% @ 240,153,0.02,-0.13,31.4,1403,115.6,-21.6,5.36,33.4,121.6,5.82,-6.0,-0.28
"Prometheus (CRUDEOILM, Fyers history)",1.0,True,U<=0 @ 1000000000,0,,,,1871,108.0,-25.0,4.31,40.0,25.5,1.02,82.5,9.8
"Prometheus (CRUDEOILM, Fyers history)",1.0,False,U<=0 @ 60,775,-0.25,-0.271,26.2,1871,91.7,-29.9,3.07,29.2,9.1,0.3,82.6,15.22
"Prometheus (CRUDEOILM, Fyers history)",1.0,False,MFE<0.1% @ 60,326,-0.253,-0.258,24.5,1871,106.3,-21.4,4.96,37.4,18.7,0.87,87.6,11.13
"Prometheus (CRUDEOILM, Fyers history)",1.0,False,MFE<0.25% @ 60,776,-0.136,-0.174,30.5,1871,78.7,-35.2,2.24,38.4,3.9,0.11,74.9,11.1
"Prometheus (CRUDEOILM, Fyers history)",1.0,False,MFE<0.5% @ 60,1246,-0.042,-0.085,34.5,1871,55.1,-23.0,2.4,45.2,-1.6,-0.07,56.7,6.63
"Prometheus (CRUDEOILM, Fyers history)",1.0,False,U<=0 @ 120,564,-0.223,-0.293,26.2,1871,68.8,-31.3,2.2,32.4,3.6,0.12,65.1,7.04
"Prometheus (CRUDEOILM, Fyers history)",1.0,False,MFE<0.1% @ 120,156,-0.26,-0.314,25.0,1871,99.6,-24.5,4.07,38.5,20.6,0.84,79.0,8.88
"Prometheus (CRUDEOILM, Fyers history)",1.0,False,MFE<0.25% @ 120,415,-0.18,-0.23,27.7,1871,87.4,-30.8,2.84,38.6,16.1,0.52,71.3,10.49
"Prometheus (CRUDEOILM, Fyers history)",1.0,False,MFE<0.5% @ 120,784,-0.087,-0.11,32.0,1871,90.2,-30.3,2.98,43.2,26.1,0.86,64.1,7.5
"Prometheus (CRUDEOILM, Fyers history)",1.0,False,U<=0 @ 240,268,-0.215,-0.255,25.0,1871,97.2,-21.9,4.43,36.8,26.5,1.21,70.7,7.54
"Prometheus (CRUDEOILM, Fyers history)",1.0,False,MFE<0.1% @ 240,34,-0.456,-0.343,14.7,1871,111.8,-23.8,4.71,39.7,27.7,1.17,84.1,10.0
"Prometheus (CRUDEOILM, Fyers history)",1.0,False,MFE<0.25% @ 240,124,-0.219,-0.237,27.4,1871,105.8,-23.9,4.44,39.6,24.0,1.0,81.9,10.82
"Prometheus (CRUDEOILM, Fyers history)",1.0,False,MFE<0.5% @ 240,320,-0.139,-0.086,30.3,1871,124.8,-19.5,6.39,42.0,42.4,2.17,82.4,12.14
"Prometheus (CRUDEOILM, Angel One 2026)",1.0,True,U<=0 @ 1000000000,0,,,,340,66.1,-9.6,6.89,47.4,0.0,,66.1,6.89
"Prometheus (CRUDEOILM, Angel One 2026)",1.0,False,U<=0 @ 60,117,-0.35,-0.309,24.8,340,71.0,-7.2,9.91,39.1,0.0,,71.0,9.91
"Prometheus (CRUDEOILM, Angel One 2026)",1.0,False,MFE<0.1% @ 60,34,-0.561,-0.35,14.7,340,73.3,-8.6,8.49,45.9,0.0,,73.3,8.49
"Prometheus (CRUDEOILM, Angel One 2026)",1.0,False,MFE<0.25% @ 60,77,-0.213,-0.236,32.5,340,64.3,-7.8,8.28,44.4,0.0,,64.3,8.28
"Prometheus (CRUDEOILM, Angel One 2026)",1.0,False,MFE<0.5% @ 60,144,-0.086,-0.151,36.1,340,56.8,-7.9,7.17,46.2,0.0,,56.8,7.17
"Prometheus (CRUDEOILM, Angel One 2026)",1.0,False,U<=0 @ 120,68,-0.206,-0.373,30.9,340,54.8,-9.6,5.73,41.5,0.0,,54.8,5.73
"Prometheus (CRUDEOILM, Angel One 2026)",1.0,False,MFE<0.1% @ 120,14,-0.109,-0.352,35.7,340,62.7,-9.9,6.31,46.5,0.0,,62.7,6.31
"Prometheus (CRUDEOILM, Angel One 2026)",1.0,False,MFE<0.25% @ 120,34,-0.162,-0.254,35.3,340,63.0,-9.1,6.95,45.9,0.0,,63.0,6.95
"Prometheus (CRUDEOILM, Angel One 2026)",1.0,False,MFE<0.5% @ 120,65,0.051,-0.157,41.5,340,52.6,-9.1,5.8,46.2,0.0,,52.6,5.8
"Prometheus (CRUDEOILM, Angel One 2026)",1.0,False,U<=0 @ 240,29,-0.2,-0.222,34.5,340,65.5,-8.8,7.46,45.9,0.0,,65.5,7.46
"Prometheus (CRUDEOILM, Angel One 2026)",1.0,False,MFE<0.1% @ 240,3,-0.896,-0.506,0.0,340,67.3,-9.2,7.31,47.4,0.0,,67.3,7.31
"Prometheus (CRUDEOILM, Angel One 2026)",1.0,False,MFE<0.25% @ 240,8,-0.442,-0.345,12.5,340,66.9,-8.8,7.61,47.4,0.0,,66.9,7.61
"Prometheus (CRUDEOILM, Angel One 2026)",1.0,False,MFE<0.5% @ 240,20,-0.2,-0.176,30.0,340,66.6,-8.8,7.58,47.6,0.0,,66.6,7.58
Prometheus (CRUDEOIL cross-check),1.0,True,U<=0 @ 1000000000,0,,,,337,74.6,-8.9,8.41,48.1,0.0,,74.6,8.41
Prometheus (CRUDEOIL cross-check),1.0,False,U<=0 @ 60,115,-0.343,-0.311,25.2,337,78.2,-8.4,9.29,39.8,0.0,,78.2,9.29
Prometheus (CRUDEOIL cross-check),1.0,False,MFE<0.1% @ 60,36,-0.417,-0.361,25.0,337,76.6,-9.2,8.32,45.7,0.0,,76.6,8.32
Prometheus (CRUDEOIL cross-check),1.0,False,MFE<0.25% @ 60,76,-0.19,-0.243,31.6,337,70.6,-8.0,8.77,45.7,0.0,,70.6,8.77
Prometheus (CRUDEOIL cross-check),1.0,False,MFE<0.5% @ 60,144,-0.026,-0.156,36.8,337,55.9,-8.8,6.34,46.9,0.0,,55.9,6.34
Prometheus (CRUDEOIL cross-check),1.0,False,U<=0 @ 120,67,-0.058,-0.33,35.8,337,56.4,-8.8,6.41,41.8,0.0,,56.4,6.41
Prometheus (CRUDEOIL cross-check),1.0,False,MFE<0.1% @ 120,13,-0.206,-0.305,30.8,337,73.3,-9.1,8.04,46.9,0.0,,73.3,8.04
Prometheus (CRUDEOIL cross-check),1.0,False,MFE<0.25% @ 120,33,-0.066,-0.233,33.3,337,69.1,-9.1,7.57,46.3,0.0,,69.1,7.57
Prometheus (CRUDEOIL cross-check),1.0,False,MFE<0.5% @ 120,62,0.119,-0.136,40.3,337,58.8,-9.1,6.45,46.9,0.0,,58.8,6.45
Prometheus (CRUDEOIL cross-check),1.0,False,U<=0 @ 240,30,-0.078,-0.184,40.0,337,71.4,-9.1,7.85,46.0,0.0,,71.4,7.85
Prometheus (CRUDEOIL cross-check),1.0,False,MFE<0.1% @ 240,3,-0.918,-0.491,0.0,337,75.9,-8.9,8.56,48.1,0.0,,75.9,8.56
Prometheus (CRUDEOIL cross-check),1.0,False,MFE<0.25% @ 240,8,-0.827,-0.328,0.0,337,78.6,-8.9,8.86,48.4,0.0,,78.6,8.86
Prometheus (CRUDEOIL cross-check),1.0,False,MFE<0.5% @ 240,20,-0.271,-0.188,25.0,337,76.3,-8.9,8.6,48.7,0.0,,76.3,8.6
"Prometheus (CRUDEOILM, Fyers history, mult 2.0 reference)",2.2,True,U<=0 @ 1000000000,0,,,,2531,169.2,-28.7,5.9,37.1,35.5,1.24,133.7,11.79
"Prometheus (CRUDEOILM, Fyers history, mult 2.0 reference)",2.2,False,U<=0 @ 60,1104,-0.258,-0.311,22.9,2531,111.6,-33.5,3.33,27.2,12.6,0.43,98.9,8.29
"Prometheus (CRUDEOILM, Fyers history, mult 2.0 reference)",2.2,False,MFE<0.22% @ 60,934,-0.18,-0.231,26.4,2531,121.5,-37.6,3.23,35.1,-3.9,-0.12,125.4,10.83
"Prometheus (CRUDEOILM, Fyers history, mult 2.0 reference)",2.2,False,MFE<0.55% @ 60,1775,-0.069,-0.104,31.6,2531,106.3,-18.0,5.91,43.9,20.6,1.14,85.7,6.76
"Prometheus (CRUDEOILM, Fyers history, mult 2.0 reference)",2.2,False,MFE<1.1% @ 60,2200,0.036,-0.006,36.3,2531,76.8,-15.3,5.04,49.1,11.5,0.78,65.3,5.95
"Prometheus (CRUDEOILM, Fyers history, mult 2.0 reference)",2.2,False,U<=0 @ 120,701,-0.228,-0.322,21.8,2531,103.0,-41.3,2.49,31.2,15.0,0.36,88.0,7.0
"Prometheus (CRUDEOILM, Fyers history, mult 2.0 reference)",2.2,False,MFE<0.22% @ 120,418,-0.199,-0.249,24.6,2531,148.1,-26.6,5.56,36.5,21.2,0.79,126.9,10.94
"Prometheus (CRUDEOILM, Fyers history, mult 2.0 reference)",2.2,False,MFE<0.55% @ 120,1050,-0.066,-0.102,31.0,2531,130.7,-27.3,4.79,41.9,21.9,0.8,108.8,8.65
"Prometheus (CRUDEOILM, Fyers history, mult 2.0 reference)",2.2,False,MFE<1.1% @ 120,1581,0.112,0.063,41.1,2531,91.9,-26.1,3.52,46.9,15.7,0.6,76.3,6.75
"Prometheus (CRUDEOILM, Fyers history, mult 2.0 reference)",2.2,False,U<=0 @ 240,266,-0.297,-0.321,15.8,2531,162.9,-29.2,5.58,35.4,32.8,1.12,130.1,11.8
"Prometheus (CRUDEOILM, Fyers history, mult 2.0 reference)",2.2,False,MFE<0.22% @ 240,109,-0.328,-0.301,15.6,2531,172.1,-27.2,6.33,36.9,34.0,1.25,138.2,12.18
"Prometheus (CRUDEOILM, Fyers history, mult 2.0 reference)",2.2,False,MFE<0.55% @ 240,369,-0.075,-0.085,30.9,2531,165.4,-25.4,6.52,39.0,28.9,1.14,136.5,12.04
"Prometheus (CRUDEOILM, Fyers history, mult 2.0 reference)",2.2,False,MFE<1.1% @ 240,768,0.229,0.18,49.7,2531,131.6,-24.9,5.29,42.3,13.8,0.56,117.7,10.38
"Prometheus (CRUDEOILM, Angel One 2026, mult 2.0 reference)",2.2,True,U<=0 @ 1000000000,0,,,,454,90.3,-20.1,4.49,42.5,0.0,,90.3,4.49
"Prometheus (CRUDEOILM, Angel One 2026, mult 2.0 reference)",2.2,False,U<=0 @ 60,197,-0.467,-0.484,25.4,454,87.0,-13.7,6.33,31.7,0.0,,87.0,6.33
"Prometheus (CRUDEOILM, Angel One 2026, mult 2.0 reference)",2.2,False,MFE<0.22% @ 60,106,-0.434,-0.41,28.3,454,92.9,-18.1,5.14,39.2,0.0,,92.9,5.14
"Prometheus (CRUDEOILM, Angel One 2026, mult 2.0 reference)",2.2,False,MFE<0.55% @ 60,255,-0.216,-0.265,32.2,454,77.8,-12.7,6.14,42.7,0.0,,77.8,6.14
"Prometheus (CRUDEOILM, Angel One 2026, mult 2.0 reference)",2.2,False,MFE<1.1% @ 60,359,0.002,-0.097,37.0,454,54.5,-13.4,4.06,50.2,0.0,,54.5,4.06
"Prometheus (CRUDEOILM, Angel One 2026, mult 2.0 reference)",2.2,False,U<=0 @ 120,146,-0.336,-0.504,24.7,454,65.8,-14.5,4.54,35.2,0.0,,65.8,4.54
"Prometheus (CRUDEOILM, Angel One 2026, mult 2.0 reference)",2.2,False,MFE<0.22% @ 120,60,-0.387,-0.421,26.7,454,88.3,-19.5,4.54,40.3,0.0,,88.3,4.54
"Prometheus (CRUDEOILM, Angel One 2026, mult 2.0 reference)",2.2,False,MFE<0.55% @ 120,140,-0.279,-0.342,30.7,454,81.4,-16.0,5.09,40.1,0.0,,81.4,5.09
"Prometheus (CRUDEOILM, Angel One 2026, mult 2.0 reference)",2.2,False,MFE<1.1% @ 120,245,-0.007,-0.081,38.0,454,72.3,-11.7,6.17,46.5,0.0,,72.3,6.17
"Prometheus (CRUDEOILM, Angel One 2026, mult 2.0 reference)",2.2,False,U<=0 @ 240,41,-0.654,-0.459,12.2,454,98.3,-19.5,5.05,41.4,0.0,,98.3,5.05
"Prometheus (CRUDEOILM, Angel One 2026, mult 2.0 reference)",2.2,False,MFE<0.22% @ 240,9,-0.783,-0.526,11.1,454,92.7,-20.1,4.61,42.3,0.0,,92.7,4.61
"Prometheus (CRUDEOILM, Angel One 2026, mult 2.0 reference)",2.2,False,MFE<0.55% @ 240,31,-0.581,-0.26,12.9,454,100.3,-19.0,5.27,43.8,0.0,,100.3,5.27
"Prometheus (CRUDEOILM, Angel One 2026, mult 2.0 reference)",2.2,False,MFE<1.1% @ 240,81,0.027,0.031,34.6,454,90.7,-17.2,5.27,46.7,0.0,,90.7,5.27
